,directors,peopleCd,role,movie,totalpeople
0,김한민,10006204,감독,"명량: 회오리 바다를 향하여(Roaring Currents: The Road of the Admiral)
",8897
1,김한민,10006204,감독,"명량(Roaring Currents)
",17613682
2,김한민,10006204,감독,"최종병기 활 감독확장판(War of the Arrows (Director's Cut))
",11547
3,김한민,10006204,감독,"최종병기 활(War of the Arrows)
",7470633
4,김한민,10006204,감독,"핸드폰(Handphone)
",630049
5,김한민,10006204,감독,"극락도 살인사건(Paradise Murdered)
",2259511
6,김한민,10006204,감독,"그렇게 김순임은 강두식을 만났다(Sunflower Blues)
",-1
7,이석훈,10055965,감독,"히말라야(The Himalayas)
",7759473
8,이석훈,10055965,감독,"해적: 바다로 간 산적(The Pirates)
",8666046
9,이석훈,10055965,감독,"댄싱퀸(Dancing Queen)
",4057546
10,이석훈,10055965,감독,"두 얼굴의 여친(Two Faces Of My Girlfriend)
",762112
11,이석훈,10055965,감독,"방과후 옥상(See You After School)
",891417
12,이석훈,10055965,감독,"순간접착제(Super Glue)
",-1
13,이석훈,10055965,감독,"포 더 피스 오브 올 맨카인드(For The Peace Of All Mankind)
",-1
14,황동혁,10090050,감독,"남한산성(The Fortress)
",3849087
15,황동혁,10090050,감독,"수상한 그녀(Miss Granny)
",8656397
16,황동혁,10090050,감독,"도가니(Silenced)
",4662822
17,황동혁,10090050,감독,"마이 파더(My Father)
",902090
18,황동혁,10090050,감독,"기적의 도로(Miracle Mile)
",-1
19,윤제균,10054492,감독,"국제시장(Ode to My Father)
",14257115
20,윤제균,10054492,감독,템플 스테이,-1
21,윤제균,10054492,감독,"해운대(Haeundae)
",11453338
22,윤제균,10054492,감독,"1번가의 기적(Miracle on 1st Street)
",2750457
23,윤제균,10054492,감독,"낭만자객(Crazy Assassins)
",940134
24,윤제균,10054492,감독,"색즉시공(Sex Is Zero)
",4082797
25,윤제균,10054492,감독,"두사부일체(My Boss, My Hero)
",-1
26,윤종빈,10054495,감독,"공작(The Spy Gone North)
",4974512
27,윤종빈,10054495,감독,"군도: 민란의 시대(KUNDO : Age of the Rampant)
",4774895
28,윤종빈,10054495,감독,"범죄와의 전쟁: 나쁜놈들 전성시대(Nameless Gangster : Rules of the Time)
",4719872
29,윤종빈,10054495,감독,"비스티 보이즈(Beastie Boys)
",727409
30,윤종빈,10054495,감독,"용서받지 못한 자(The Unforgiven)
",10647
31,강형철,10000946,감독,"스윙키즈(Swing Kids)
",494
32,강형철,10000946,감독,"타짜-신의 손(Tazza-The Hidden Card)
",4015361
33,강형철,10000946,감독,"써니 감독판(Sunny - Director's Cut)
",90562
34,강형철,10000946,감독,"써니(Sunny)
",7362467
35,강형철,10000946,감독,"과속스캔들(Scandal Makers)
",8245523
36,이재규,20111735,감독,"완벽한 타인(Intimate Strangers)
",5056102
37,이재규,20111735,감독,"역린(The Fatal Encounter)
",3849433
38,이재규,20111735,감독,"인플루언스(The Influence)
",229610
39,조범구,10065847,감독,"신의 한 수(The Divine Move)
",3566336
40,조범구,10065847,감독,"퀵(Quick)
",3125069
41,조범구,10065847,감독,"뚝방전설(Three Fellas)
",418445
42,조범구,10065847,감독,"양아치어조(The Bad Utterances)
",255
43,조범구,10065847,감독,"어떤 여행의 기록(The Travel)
",-1
44,조범구,10065847,감독,장마,-1
45,김성훈,10004662,감독,"터널(Tunnel)
",7120508
46,김성훈,10004662,감독,"끝까지 간다(A Hard Day)
",3450305
47,김성훈,10004662,감독,"애정결핍이 두 남자에게 미치는 영향(How The Lack Of Love Affects Two Men)
",593277
48,창,10071587,감독,"숲속의 아이(Forest)
",-1
49,창,10071587,감독,"계춘할망(Canola)
",482259
50,창,10071587,감독,치명도수: RESET,-1
51,창,10071587,감독,"표적(The Target)
",2841788
52,창,10071587,감독,"고死 : 피의 중간고사(Death
1793
 Bell)
",1634051
53,임찬상,10058842,감독,"나의 사랑 나의 신부(My Love, My Bride)
",2141155
54,임찬상,10058842,감독,"사어(Mege Fin)
",-1
55,임찬상,10058842,감독,"효자동 이발사(The President's Barber)
",1972377
56,임찬상,10058842,감독,"터널(Tunnel)
",-1
57,한동욱,20140752,감독,"남자가 사랑할 때(Man In Love)
",1979311
58,김홍선,20125826,감독,변신,-1
59,김홍선,20125826,감독,"반드시 잡는다(The Chase)
",446780
60,김홍선,20125826,감독,브로커,-1
61,김홍선,20125826,감독,"기술자들(The Con Artists)
",2564340
62,김홍선,20125826,감독,"공모자들(Traffickers)
",1646142
63,임순례,10058650,감독,고양이 키스,-1
64,임순례,10058650,감독,"리틀 포레스트(Little Forest)
",1505560
65,임순례,10058650,감독,"제보자(The Whistleblower)
",1755181
66,임순례,10058650,감독,"남쪽으로 튀어(South Bound)
",832894
67,임순례,10058650,감독,"미안해, 고마워(Sorry and Thank You)
",9998
68,임순례,10058650,감독,"소와 함께 여행하는 법(Rolling Home With A Bull)
",16356
69,임순례,10058650,감독,"날아라 펭귄(Fly Penguin)
",20599
70,임순례,10058650,감독,"우리 생애 최고의 순간(Forever The Moment)
",4044582
71,임순례,10058650,감독,"여섯 개의 시선(If You Were Me)
",31171
72,임순례,10058650,감독,"그녀의 무게(The 'Weight' of Her)
",-1
73,임순례,10058650,감독,"아름다운 생존: 여성 영화인이 말하는 영화(Keeping The Vision Alive)
",-1
74,임순례,10058650,감독,"와이키키 브라더스(Waikiki Brothers)
",-1
75,임순례,10058650,감독,"세 친구(Three Friends)
",-1
76,임순례,10058650,감독,"우중산책(Promenade in the Rain)
",-1
77,이연우,10056625,감독,"피끓는 청춘(Hot Young Bloods)
",1676040
78,이연우,10056625,감독,"거북이 달린다(Running Turtle)
",3059812
79,이연우,10056625,감독,2424,-1
80,이재용,10057210,감독,"죽여주는 여자(The Bacchus Lady)
",121444
81,이재용,10057210,감독,"두근두근 내 인생(My Brilliant Life)
",1624601
82,이재용,10057210,감독,"뒷담화: 감독이 미쳤어요(Behind the Camera)
",5284
83,이재용,10057210,감독,"여배우들(The Actresses)
",514052
84,이재용,10057210,감독,"다세포소녀(Dasepo Naughty Girls)
",561803
85,이재용,10057210,감독,나와 통하는 다음검색 : 사랑의 기쁨,-1
86,이재용,10057210,감독,"스캔들-조선남녀상열지사(Untold Scandal)
",3522747
87,이재용,10057210,감독,"순애보(Asako In Ruby Shoes)
",-1
88,이재용,10057210,감독,"어머니의 여름(Mother's Summer)
",-1
89,이재용,10057210,감독,"정사(An Affair)
",-1
90,이재용,10057210,감독,"호모 비디�
17ac
�쿠스(Homo Videocus)
",-1
91,이한,10058005,감독,"증인(innocent witness)
",-1
92,이한,10058005,감독,"오빠생각(A Melody to Remember)
",1069436
93,이한,10058005,감독,"우아한 거짓말(Thread of Lies)
",1618988
94,이한,10058005,감독,"완득이(Punch)
",5310510
95,이한,10058005,감독,"내 사랑(Love, First)
",977401
96,이한,10058005,감독,"청춘만화(Almost Love)
",2066354
97,이한,10058005,감독,"연애소설(Lover's Concerto)
",-1
98,심성보,10040850,감독,"해무(海霧)(Haemoo)
",1475472
99,심성보,10040850,감독,"오늘 뭐해?(What the...?)
",-1
100,김대우,10003851,감독,"인간중독(Obsessed)
",1441964
101,김대우,10003851,감독,"방자전(The Servant)
",3035116
102,김대우,10003851,감독,"음란서생(Forbidden Quest)
",2576022
103,김광식,10003620,감독,"안시성(The Great Battle)
",5440001
104,김광식,10003620,감독,"찌라시: 위험한 소문(Tabloid Truth)
",1221420
105,김광식,10003620,감독,"내 깡패 같은 애인(My Dear Desperado)
",699973
106,최호,10072907,감독,"빅매치(Big Match)
",1177438
107,최호,10072907,감독,"고고 70(Go Go 70s)
",581468
108,최호,10072907,감독,"사생결단(Bloody Tie)
",2104716
109,최호,10072907,감독,"후아유(Who Are You?)
",-1
110,최호,10072907,감독,"바이 준(Bye June)
",-1
111,김영탁,10005032,감독,"슬로우 비디오(Slow Video)
",1169562
112,김영탁,10005032,감독,"헬로우 고스트(Hello Ghost)
",2897477
113,이정호,10057331,감독,비스트(가제),-1
114,이정호,10057331,감독,"방황하는 칼날(Broken)
",989881
115,이정호,10057331,감독,"베스트셀러(Bestseller)
",1099665
116,장진,10060535,감독,"AISFF2016 시네마 올드 앤 뉴 + 특별상영 1(CINEMA OLD & NEW + SPECIAL SCREENINGS 1)
",-1
117,장진,10060535,감독,"내일도 미래라면(WAS WILL)
",-1
118,장진,10060535,감독,바라던 바다,-1
119,장진,10060535,감독,"우리는 형제입니다(We Are Brothers)
",970373
120,장진,10060535,감독,"하이힐(디렉터스컷)(Man on high heels)
",2161
121,장진,10060535,감독,"하이힐(Man on High Heels)
",341606
122,장진,10060535,감독,"로맨틱 헤븐(Romantic Heaven)
",73729
123,장진,10060535,감독,"퀴즈왕(The Quiz Show Scandal)
",583183
124,장진,10060535,감독,"굿모닝 프레지던트(Good Morning President)
",2583294
125,장진,10060535,감독,"아들(My Son)
",488221
126,장진,10060535,감독,"거룩한 계보(Righteous Ties)
",1744677
127,장진,10060535,감독,"고마운 사람(Someone Grateful)
",-1
128,장진,10060535,감독,"박수칠 때 떠나라(Murder, Take One)
",2475291
129,장진,10060535,감독,"다섯 개의 시선(If You Were Me)
",12621
130,장진,10060535,감독,"아는 여자(Someone Special)
",838000
131,장진,10060535,감독,"킬러들의 수다(Guns And Talks)
",-1
132,장진,10060535,감독,"간첩 리철진(The Spy)
",-1
133,장진,10060535,감독,"기막힌 사내들(The Happenings)
",-1
134,부지영,10031684,감독,"카트(Cart)
",814233
135,부지영,10031684,감독,"Dir/Actors 10. 나나나: 여배우 민낯 프로젝트(Dir/Actors 10. Myselves : The Actress No Makeup Project)
",-1
136,부지영,10031684,감독,"애정만세(A Time to Love)
",3832
137,부지영,10031684,감독,"산정호수의 맛(Moonwalk)
",-1
138,부지영,10031684,감독,"나나나 : 여배우 민낯 프로젝트(Myselves : The Actress No Makeup Project)
",557
139,부지영,10031684,감독,6회 이주민영화제_꿈꾸는 사람들 2,-1
140,부지영,10031684,감독,"니마(Nima)
",-1
141,부지영,10031684,감독,"지금, 이대로가 좋아요(Sisters On The Road)
",21212
142,부지영,10031684,감독,"눈물(A Drop of Clear Salty Liquid)
",-1
143,부지영,10031684,감독,"눈물(A Drop of Clear Salty Liquid)
",-1
144,부지영,10031684,감독,"김옹의 시험(His Humming)
",-1
145,부지영,10031684,감독,"불똥(Spark)
",-1
146,권칠인,10002537,감독,"세컨어카운트(Second Account)
",-1
147,권칠인,10002537,감독,"방 안의 코끼리(Elephant in the Room)
",1465
148,권칠인,10002537,감독,"관능의 법칙(Venus Talk)
",781516
149,권칠인,10002537,감독,"원더풀 라디오(Love On-Air)
",986287
150,권칠인,10002537,감독,"참을 수 없는(Loveholic)
",76965
151,권칠인,10002537,감독,"뜨거운 것이 좋아(Hellcats)
",590409
152,권칠인,10002537,감독,"이공(Twentidentity)
",-1
153,권칠인,10002537,감독,"싱글즈(Singles)
",2203042
154,권칠인,10002537,감독,"사랑하기 좋은 날(A Good Day To Fall In Love)
",-1
155,권칠인,10002537,감독,"햇빛(Sun Beam)
",-1
156,권칠인,10002537,감독,"귀소(Coming Back Home)
",-1
157,이원석,20128390,감독,"랄라랜드(Lala Land)
",-1
158,이원석,20128390,감독,"상의원(The Royal Tailor)
",790158
159,이원석,20128390,감독,"남자사용설명서(How to Use Guys with Secret Tips)
",507890
160,성시흡,20114191,감독,"플랜맨(The Plan Man)
",635740
161,성시흡,20114191,감독,"더 라스트 트레인(The Last Train)
",-1
162,성시흡,20114191,감독,"복서즈 다이아몬드(Boxer's Diamond)
",-1
163,성시흡,20114191,감독,"삽질, 텍사스(Shoveling, TEXAS)
",-1
164,이정범,10057273,감독,"우는 남자(No Tears for the Dead)
",603409
165,이정범,10057273,감독,"아저씨(The Man From Nowhere)
",6282774
166,이정범,10057273,감독,"열혈남아(Cruel Winter Blues)
",570059
167,이정범,10057273,감독,"귀휴(Repatriation)
",-1
168,오기환,10050086,감독,"패션왕(Fashion King)
",594871
169,오기환,10050086,감독,"이별계약(A Wedding Invitation)
",17797
170,오기환,10050086,감독,"오감도(Five Senses Of Eros)
",443462
171,오기환,10050086,감독,순간을 믿어요,-1
172,오기환,10050086,감독,"두 사람이다(Someone Behind You)
",241292
173,오기환,10050086,감독,"작업의 정석(The Art Of Seduction)
",2342232
174,오기환,10050086,감독,"선물(Last Present)
",-1
175,박상준,20113801,감독,"황제를 위하여(For the Emperor)
",592367
176,박상준,20113801,감독,"마을금고 연쇄습격사건(Bank Attack)
",123770
177,황인호,10090261,감독,"몬스터(Monster)
",526547
178,황인호,10090261,감독,"오싹한 연애(Spellbound)
",3009356
179,김태윤,10006129,감독,"미스터 주(가제)(Mr.Zoo)
",-1
180,김태윤,10006129,감독,"재심(New Trial)
",2421011
181,김태윤,10006129,감독,"또 하나의 약속(Another Family)
",497994
182,김태윤,10006129,감독,마이 페어 레이디즈,-1
183,김태윤,10006129,감독,"잔혹한 출근(Educating Kidnappers)
",429546
184,김태윤,10006129,감독,"수사반장 트위스트 김(Dancing Cop Twist Kim)
",-1
185,오인천,20188088,감독,"더스트 엔젤(Dust Angel)
",-1
186,오인천,20188088,감독,"데스트랩(The DMZ)
",-1
187,오인천,20188088,감독,"야경 : 죽음의 택시(NIGHTSCAPE)
",231
188,오인천,20188088,감독,"월하(Wol-ha : Very Bad Moon Rising)
",167
189,오인천,20188088,감독,"잡아야 산다(Chasing)
",55011
190,오인천,20188088,감독,"한중10년의 동행: 한예종 영상원/북경영화학교 합작영화 10주년 작품전(Harmony for 10 years : Korea National University of Arts and Beijing Film Academy)
",-1
191,오인천,20188088,감독,"소녀괴담(Mourning Grave)
",481696
192,오인천,20188088,감독,"십이야: 깊고 붉은 열두 개의 밤 Chapter1(12 Deep Red Nights)
",181
193,오인천,20188088,감독,"모멘트(A Moment)
",-1
194,박제현,10029209,감독,"조선미녀삼총사(The Huntresses)
",480361
195,박제현,10029209,감독,"유앤유(You & You)
",-1
196,박제현,10029209,감독,"내 남자의 로맨스(How to Keep My Love)
",1083556
197,박제현,10029209,감독,"울랄라씨스터즈(Oh! Lala Sisters)
",-1
198,박제현,10029209,감독,"단적비연수(The Legend Of Gingko)
",-1
199,임필성,10058886,감독,인류 멸망 보고서 '해피 버스 데이',-1
200,임필성,10058886,감독,인류 멸망 보고서 '멋진 신세계',-1
201,임필성,10058886,감독,"보금자리(The Nest)
",-1
202,임필성,10058886,감독,"마담 뺑덕(Scarlet Innocence)
",471169
203,임필성,10058886,감독,"헨젤과 그레텔(Hansel and Gretel)
",312459
204,임필성,10058886,감독,"남극일기(Antarctic Journal)
",1057311
205,임필성,10058886,감독,"모빌(Mobile)
",-1
206,임필성,10058886,감독,기념품,-1
207,이도윤,20142138,감독,"좋은 친구들(Confession)
",407210
208,이도윤,20142138,감독,"이웃(Neighbor)
",-1
209,이도윤,20142138,감독,"우리. 여행자들(We. Trippers)
",-1
210,이해준,10058053,감독,"나의 독재자(My Dictator)
",385934
211,이해준,10058053,감독,"김씨표류기(Castaway on the Moon)
",733931
212,이해준,10058053,감독,"천하장사 마돈나(Like A Virgin)
",678930
213,장진,10060535,감독,"AISFF2016 시네마 올드 앤 뉴 + 특별상영 1(CINEMA OLD & NEW + SPECIAL SCREENINGS 1)
",-1
214,장진,10060535,감독,"내일도 미래라면(WAS WILL)
",-1
215,장진,10060535,감독,바라던 바다,-1
216,장진,10060535,감독,"우리는 형제입니다(We Are Brothers)
",970373
217,장진,10060535,감독,"하이힐(디렉터스컷)(Man on high heels)
",-1
218,장진,10060535,감독,"하이힐(Man on High Heels)
",341606
219,장진,10060535,감독,"로맨틱 헤븐(Romantic Heaven)
",73729
220,장진,10060535,감독,"퀴즈왕
1ade
(The Quiz Show Scandal)
",583183
221,장진,10060535,감독,"굿모닝 프레지던트(Good Morning President)
",2583294
222,장진,10060535,감독,"아들(My Son)
",488221
223,장진,10060535,감독,"거룩한 계보(Righteous Ties)
",1744677
224,장진,10060535,감독,"고마운 사람(Someone Grateful)
",-1
225,장진,10060535,감독,"박수칠 때 떠나라(Murder, Take One)
",2475291
226,장진,10060535,감독,"다섯 개의 시선(If You Were Me)
",12621
227,장진,10060535,감독,"아는 여자(Someone Special)
",838000
228,장진,10060535,감독,"킬러들의 수다(Guns And Talks)
",-1
229,장진,10060535,감독,"간첩 리철진(The Spy)
",-1
230,장진,10060535,감독,"기막힌 사내들(The Happenings)
",-1
231,박범수,10028647,감독,"레드카펫(Red Carpet)
",316953
232,박범수,10028647,감독,마스크맨,-1
233,박범수,10028647,감독,소원을 말해봐,-1
234,박범수,10028647,감독,"쟤 믿는 영화(I Believe Her)
",-1
235,전형준,10061527,감독,"덕수리 5형제(A Dynamite Family)
",210777
236,전형준,10061527,감독,"패스트(Fast)
",-1
237,김덕수,10003883,감독,"비정규직 특수요원(PART-TIME SPY)
",149719
238,김덕수,10003883,감독,"아빠를 빌려드립니다(Dad for Rent)
",172652
239,김태균,10006085,감독,"연애의 발동 : 상해 여자, 부산 남자(Bad Sister)
",273
240,김태균,10006085,감독,"가시(Innocent Thing)
",142170
241,김태균,10006085,감독,"맨발의 꿈(A Barefoot Dream)
",338080
242,김태균,10006085,감독,"피안도(Higanjima)
",-1
243,김태균,10006085,감독,"크로싱(Crossing)
",907255
244,김태균,10006085,감독,"백만장자의 첫사랑(A Millionaire’s First Love)
",639596
245,김태균,10006085,감독,3인 3색 러브스토리 : 사랑즐감,-1
246,김태균,10006085,감독,"아임 오케이(I'm O.K)
",-1
247,김태균,10006085,감독,"늑대의 유혹(Romance Of Their Own)
",2189453
248,김태균,10006085,감독,"편의점2시(At2O'clock)
",-1
249,김태균,10006085,감독,"이공(Twentidentity)
",-1
250,김태균,10006085,감독,"화산고(Volcano High)
",-1
251,김태균,10006085,감독,"키스할까요(Shall We Kiss?)
",-1
252,김태균,10006085,감독,"박봉곤 가출사건(The Adventure of Mrs. Park)
",-1
253,신재영,20153417,감독,"맨홀(Manhole)
",133663
254,신재영,20153417,감독,"더 스토리(The Story)
",-1
255,신재영,20153417,감독,"더줌(The Zoom)
",-1
256,신재영,20153417,감독,"화의전이(The Heat Transfer)
",-1
257,박규택,20150634,감독,"폐쇄병동(The Closed Ward)
",-1
258,박규택,20150634,감독,제6회 서울 프라이드 영화제 국내단편3,-1
259,박규택,20150634,감독,"기억부검(The Autopsy of the Memory)
",-1
260,박규택,20150634,감독,"터널 3D(Tunnel 3D)
",80989
261,박창진,20179021,감독,설계,45638
262,박창진,20179021,감독,"소원택시(Secret Travel)
",283
263,김명균,10004056,감독,"백프로(Mr. Perfect)
",37909
264,류승완,10019069,감독,남자니까 아시잖아요?,-1
265,류승완,10019069,감독,"군함도 감독판(The Battleship Island: Director's Cut)
",-1
266,류승완,10019069,감독,"군함도(The Battleship Island)
",6592151
267,류승완,10019069,감독,4월 단편 상상극장-박정민 헤는 밤,-1
268,류승완,10019069,감독,"신촌좀비만화(MAD SAD BAD)
",5187
269,류승완,10019069,감독,유령,-1
270,류승완,10019069,감독,"베테랑(Veteran)
",13414009
271,류승완,10019069,감독,"제14회 미쟝센 단편 영화제 류승완 단편 특별전2(Ryoo Seung-Wan Short Film Special2)
",-1
272,류승완,10019069,감독,"베를린(The Berlin File)
",7166199
273,류승완,10019069,감독,"부당거래(The Unjust)
",2766436
274,류승완,10019069,감독,"타임리스(Timeless)
",-1
275,류승완,10019069,감독,"다찌마와리(Dachimawa Lee)
",628508
276,류승완,10019069,감독,"짝패(The City Of Violence)
",1196520
277,류승완,10019069,감독,"남자니까 아시잖아요?(Hey Man)
",-1
278,류승완,10019069,감독,"다섯 개의 시선(If You Were Me)
",12621
279,류승완,10019069,감독,"아라한 장풍대작전(Arahan)
",2050000
280,류승완,10019069,감독,"주먹이 운다(Crying Fist)(Crying Fist)
",1728477
281,류승완,10019069,감독,"피도 눈물도 없이(No Blood No Tears)
",-1
282,류승완,10019069,감독,"죽거나 혹은 나쁘거나(Die Bad)
",-1
283,류승완,10019069,감독,다찌마와리,-1
284,류승완,10019069,감독,"현대인(Our Contemporaries)
",-1
285,류승완,10019069,감독,패싸움,-1
286,최동훈,10072187,감독,스미스씨 브라질에 가다,-1
287,최동훈,10072187,감독,도청(가제),-1
288,최동훈,10072187,감독,"암살(Assassination)
",12705700
289,최동훈,10072187,감독,"도둑들(The Thieves)
",12983330
290,최동훈,10072187,감독,"전우치(Woochi)
",6136928
291,최동훈,10072187,감독,"타짜(Tazza: The High Rollers)
",6847777
292,최동훈,10072187,감독,"범죄의 재구성(The Big Swindle)
",2129358
293,최동훈,10072187,감독,"간결한 여행(A Short Trip)
",-1
294,우민호,20111283,감독,남산의 부장들,-1
295,우민호,20111283,감독,"마약왕(The Drug King)
",-1
296,우민호,20111283,감독,"내부자들(Inside Men)
",7072021
297,우민호,20111283,감독,"내부자들: 디 오리지널(Inside Men: The Original)
",2083999
298,우민호,20111283,감독,"간첩(The Spies)
",1310895
299,우민호,20111283,감독,"파괴된 사나이(Man Of Vendetta)
",1030285
300,우민호,20111283,감독,"누가 예수를 죽였는가?(Who killed Jesus?)
",-1
301,이준익,10057485,감독,"박열(Anarchist from the colony)
",2359174
302,이준익,10057485,감독,"변산(Sunset in My Hometown)
",490033
303,이준익,10057485,감독,"동주(DONGJU; The Portrait of A Poet)
",1169335
304,이준익,10057485,감독,"사도(The Throne)
",6246849
305,이준익,10057485,감독,"소원(Hope)
",2711071
306,이준익,10057485,감독,"봄날의 입맞춤(Kisses from Spring)
1d97

",-1
307,이준익,10057485,감독,"평양성(Battlefield Heroes)
",1717566
308,이준익,10057485,감독,"구르믈 버서난 달처럼(Blades of Blood)
",1407681
309,이준익,10057485,감독,"님은 먼 곳에(Sunny)
",1706576
310,이준익,10057485,감독,"즐거운 인생(The Happy Life)
",1263835
311,이준익,10057485,감독,"라디오 스타(Radio Star)
",1879501
312,이준익,10057485,감독,"왕의 남자(King And The Clown)
",12302831
313,이준익,10057485,감독,"황산벌(Once Upon A Time In A Battlefield)
",2771236
314,이준익,10057485,감독,"키드캅(Kid Cop)
",-1
315,김학순,10006188,감독,"연평해전(Northern Limit Line)
",6043784
316,김학순,10006188,감독,"비디오를 보는 남자(Rewind)
",300
317,김학순,10006188,감독,"민들레(Dandelion)
",-1
318,장재현,10060462,감독,사바하,-1
319,장재현,10060462,감독,"어둑시니: 두려움을 먹는 자(Urban Evil)
",-1
320,장재현,10060462,감독,오오단편극장 - 이학주 배우전,-1
321,장재현,10060462,감독,"제14회 미쟝센 단편영화제 전년도 수상작1(Awarded Films From Last Year 1)
",-1
322,장재현,10060462,감독,"검은 사제들(The Priests)
",5442553
323,장재현,10060462,감독,1월 단편 상상극장-해피 뉴 스타,-1
324,장재현,10060462,감독,제13회 미쟝센 단편영화제 심야의 절대구타 360,-1
325,장재현,10060462,감독,제13회 미쟝센 단편영화제 절대악몽1,-1
326,장재현,10060462,감독,"12번째 보조사제(12th Assistant Deacon)
",-1
327,장재현,10060462,감독,"버스(Bus)
",-1
328,장재현,10060462,감독,"인도에서 온 말리(Maley from India)
",-1
329,이석훈,10055965,감독,"히말라야(The Himalayas)
",7759473
330,이석훈,10055965,감독,"해적: 바다로 간 산적(The Pirates)
",8666046
331,이석훈,10055965,감독,"댄싱퀸(Dancing Queen)
",4057546
332,이석훈,10055965,감독,"두 얼굴의 여친(Two Faces Of My Girlfriend)
",762112
333,이석훈,10055965,감독,"방과후 옥상(See You After School)
",891417
334,이석훈,10055965,감독,"순간접착제(Super Glue)
",-1
335,이석훈,10055965,감독,"포 더 피스 오브 올 맨카인드(For The Peace Of All Mankind)
",-1
336,김석윤,10004484,감독,"조선명탐정: 흡혈괴마의 비밀(Detective K: Secret of the Living Dead)
",2444123
337,김석윤,10004484,감독,"조선명탐정 : 사라진 놉의 딸(Detective K : Secret of the Lost Island)
",3872015
338,김석윤,10004484,감독,"조선명탐정 : 각시투구꽃의 비밀(Detective K : Secret of Virtuous Widow)
",4786259
339,김석윤,10004484,감독,"올드미스다이어리(Old Miss Diary)
",856090
340,이병헌,20125862,감독,극한직업,-1
341,이병헌,20125862,감독,"바람 바람 바람(What a Man Wants)
",1194229
342,이병헌,20125862,감독,"스물(Twenty)
",3044134
343,이병헌,20125862,감독,"힘내세요, 병헌씨(Cheer Up Mr. Lee)
",3589
344,이병헌,20125862,감독,"냄새는 난다(Smell)
",-1
345,곽경택,10001931,감독,"희생부활자(RV: Resurrected Victims)
",323628
346,곽경택,10001931,감독,"극비수사(The Classified File)
",2860786
347,곽경택,10001931,감독,"친구 2(Friend : The Great Legacy)
",2971475
348,곽경택,10001931,감독,"미운오리새끼(The Ugly Duckling)
",45454
349,곽경택,10001931,감독,"통증(Pain)
",700272
350,곽경택,10001931,감독,"눈에는 눈 이에는 이(Eye For An Eye)
",2058764
351,곽경택,10001931,감독,"사랑(Love)
",2123815
352,곽경택,10001931,감독,"태풍(Typhoon)
",4094395
353,곽경택,10001931,감독,"똥개(Mutt Boy)
",1394000
354,곽경택,10001931,감독,"챔피언(Champion)
",-1
355,곽경택,10001931,감독,"친구(Friend)
",-1
356,곽경택,10001931,감독,"닥터 K(Dr.K)
",-1
357,곽경택,10001931,감독,"억수탕(3pm Paradise)(3Pm Paradise Bath House)
",-1
358,김정훈,10005643,감독,"탐정 : 더 비기닝(THE ACCIDENTAL DETECTIVE)
",2625686
359,김정훈,10005643,감독,"쩨쩨한 로맨스(Petty Romance)
",2080574
360,김정훈,10005643,감독,"어깨동무(Walk Arm in Arm)
",-1
361,백운학,10030346,감독,"악의 연대기(The Chronicles of Evil)
",2192525
362,백운학,10030346,감독,"튜브(Tube)
",467570
363,유하,20111250,감독,"강남1970(무삭제판)(Gangnam 1970)
",-1
364,유하,20111250,감독,"강남 1970(Gangnam Blues)
",2192172
365,유하,20111250,감독,"하울링(HOWLING)
",1612554
366,유하,20111250,감독,"쌍화점(A Frozen Flower)
",3779553
367,유하,20111250,감독,"비열한 거리(A Dirty Carnival)
",2047808
368,유하,20111250,감독,"말죽거리 잔혹사(Spirit Of Jeet Keun Do - Once Upon A Time In High School)
",3115767
369,유하,20111250,감독,"결혼은, 미친짓이다(Marriage Is a Crazy Thing)
",-1
370,유하,20111250,감독,"바람부는 날이면 압구정동에 가야 한다(We Must Go To Apgujung-Dong On Windy Days)
",-1
371,박진표,10029363,감독,"오늘의 연애(Love Forecast)
",1891993
372,박진표,10029363,감독,"내 사랑 내 곁에(Closer To Heaven)
",2160265
373,박진표,10029363,감독,"그놈 목소리(Voice of a Murderer)
",3143247
374,박진표,10029363,감독,"너는 내 운명(You Are My Sunshine)
",3051134
375,박진표,10029363,감독,"신비한 영어나라(Tongue Tie)
",-1
376,박진표,10029363,감독,"여섯 개의 시선(If You Were Me)
",31171
377,박진표,10029363,감독,"죽어도 좋아(Too Young To Die)
",60666
378,김현석,10006261,감독,"아이 캔 스피크(I Can Speak)
",3280243
379,김현석,10006261,감독,"쎄시봉(C'est Si Bon)
",1714803
380,김현석,10006261,감독,"열한시(AM 11:00)
",870785
381,김현석,10006261,감독,"시라노; 연애조작단(Cyrano Agency)
",2731828
382,김현석,10006261,감독,"스카우트(Scout)
",315187
383,김현석,10006261,감독,"광식이 동생 광태(When Romance Meets Destiny)
",2430200
384,김현석,10006261,감독,"YMCA야구단(YMCA Baseball Team)
",-1
385,김봉주,20128476,감독,"더 폰(The Phone)
",1593694
386,김봉주,20128476,감독,"할머니, 나이스 샷!!(Granny, Good Shot!!)
",-1
387,박훈정,10029578,감독,"대호(THE TIGER: AN OLD HUNTER’S TALE (WT))
",-1
388,박훈정,10029578,감독,"마녀(The Witch : Part 1. The Subversion)
",3189091
389,박훈정,10029578,감독,"브이아이피(V.I.P.)
",1373316
390,박훈정,10029578,감독,"대호(The Tiger)
",1762742
391,박훈정,10029578,감독,"신세계(New World)
",4682492
392,박훈정,10029578,감독,"혈투(The Showdown)
",43947
393,한준희,20183664,감독,"뺑반(Hit-and-Run Squad)
",-1
394,한준희,20183664,감독,"차이나타운(Coin Locker Girl)
",1472006
395,한준희,20183664,감독,"시나리오 가이드(UNDERSTANDING MOVIES)
",-1
396,강제규,10000854,감독,"제1회 안양국제청소년영화제 단편, 짧지만 길고 깊은 이야기1",-1
397,강제규,10000854,감독,그녀의 연기+민우씨오는날,-1
398,강제규,10000854,감독,"장수상회(Salut d’Amour)
",1163575
399,강제규,10000854,감독,"뷰티풀 2014(Beautiful 2014)
",-1
400,강제규,10000854,감독,"민우씨 오는 날(Awaiting)
",-1
401,강제규,10000854,감독,"마이 웨이(My Way)
",2142622
402,강제규,10000854,감독,"태극기 휘날리며(TaeGukGi: Brotherhood Of War)
",11746135
403,강제규,10000854,감독,"쉬리(Swiri)
",5820000
404,강제규,10000854,감독,"은행나무 침대(The Gingko Bed)
",-1
405,강제규,10000854,감독,공포특급,-1
406,허종호,10088447,감독,"물괴(Monstrum)
",723622
407,허종호,10088447,감독,"성난 변호사(The Advocate : A Missing Body)
",1128288
408,허종호,10088447,감독,"카운트다운(Countdown)
",471547
409,허종호,10088447,감독,"승부(Round)
",-1
410,민규동,10027774,감독,무서운 이야기2'444',-1
411,민규동,10027774,감독,"허스토리(Herstory)
",336100
412,민규동,10027774,감독,"무서운 이야기 3 : 화성에서 온 소녀(Horror Stories III)
",97804
413,민규동,10027774,감독,"제15회 미쟝센 단편영화제 김태용 단�
1da3
�� 특별전 1(KIM Tae-yong Short film special 1)
",-1
414,민규동,10027774,감독,"간신(The Treacherous)
",1110246
415,민규동,10027774,감독,"무서운 이야기 2(Horror Stories II)
",495522
416,민규동,10027774,감독,"무서운 이야기(Horror Stories)
",331760
417,민규동,10027774,감독,"내 아내의 모든 것(All About My Wife)
",4598583
418,민규동,10027774,감독,"세상에서 가장 아름다운 이별(The Most Beautiful Goodbye)
",316788
419,민규동,10027774,감독,"끝과 시작(In My End Is My Beginning)
",38809
420,민규동,10027774,감독,"서양 골동 양과자점 앤티크(Antique)
",1173310
421,민규동,10027774,감독,"내 생애 가장 아름다운 일주일(All For Love)
",2533103
422,민규동,10027774,감독,"이공(Twentidentity)
",-1
423,민규동,10027774,감독,"비밀과 거짓말(Secrets and Lies)
",-1
424,민규동,10027774,감독,"여고괴담 두번째 이야기(Memento Mori)
",-1
425,민규동,10027774,감독,"창백한푸른점(Pale Blue Dot)
",-1
426,민규동,10027774,감독,"열일곱(Free To Fly)
",-1
427,민규동,10027774,감독,"허스토리(Herstory)
",-1
428,윤준형,10054518,감독,"그놈이다(FATAL INTUITION)
",1046313
429,윤준형,10054518,감독,"목두기 비디오(Mokdugi Video)
",984
430,강효진,10000970,감독,내안의 그놈,1704
431,강효진,10000970,감독,"양아치 느와르(The Backstreet Noir)
",455
432,강효진,10000970,감독,"폭력의 법칙: 나쁜 피 두 번째 이야기(The Rule of Violence)
",597
433,강효진,10000970,감독,"미쓰 와이프(Wonderful Nightmare)
",988451
434,강효진,10000970,감독,"나쁜 피(Dirty Blood)
",1246
435,강효진,10000970,감독,"육혈포 강도단(Twilight Gangsters)
",1233582
436,강효진,10000970,감독,"펀치레이디(Punch lady)
",38254
437,강효진,10000970,감독,"맨손으로 죽여라?(Kill them all with bare hands!)
",-1
438,하정우,10087253,감독,"허삼관(Chronicle of a Blood Merchant)
",955175
439,하정우,10087253,감독,"롤러코스터(Fasten Your Seatbelt)
",270148
440,손용호,20188569,감독,나쁜 녀석들: 더 무비(가제),-1
441,손용호,20188569,감독,"살인의뢰(The Deal)
",855980
442,김광태,20147149,감독,"손님(The Piper)
",828025
443,정기훈,10061628,감독,"열정같은소리하고있네(YOU CALL IT PASSION)
",654407
444,정기훈,10061628,감독,"반창꼬(Love 911)
",2475797
445,정기훈,10061628,감독,"애자(Goodbye Mom)
",1922634
446,노덕,10015745,감독,"특종: 량첸살인기(The Exclusive : Beat the Devil's Tattoo)
",616481
447,노덕,10015745,감독,"연애의 온도(Very Ordinary Couple)
",1865195
448,노덕,10015745,감독,"마스크 속, 은밀한 자부심(The Secret Within Her Mask)
",-1
449,천성일,10071866,감독,"서부전선(The Long Way Home)
",609063
450,신한솔,10040668,감독,"헬머니(Granny's Got Talent)
",522929
451,신한솔,10040668,감독,"가루지기(A Tale of Legendary Libido)
",272648
452,신한솔,10040668,감독,"싸움의 기술(The Art Of Fighting)
",1313727
453,신한솔,10040668,감독,"염소가족(A Goat's Lover)
",-1
454,신한솔,10040668,감독,"뼛살(Oyster)
",-1
455,신한솔,10040668,감독,"혹성 탈출(Planet Escape)
",-1
456,신한솔,10040668,감독,"늦은여름(In The Late Summer)
",-1
457,김진영,10005932,감독,"위험한 상견례 2(Enemies In-Law)
",472693
458,김진영,10005932,감독,"음치 클리닉(Love Clinique)
",338168
459,김진영,10005932,감독,"위험한 상견례(Meet the In-Laws)
",2595625
460,김진영,10005932,감독,"청담보살(Fortune Salon)
",1321005
461,김진영,10005932,감독,"아기와 나(Baby And Me)
",435551
462,안상훈,20111254,감독,"나는 증인이다(The Witness)
",1407
463,안상훈,20111254,감독,순수의 시대 무삭제편,-1
464,안상훈,20111254,감독,"순수의 시대(Empire of Lust)
",469891
465,안상훈,20111254,감독,"블라인드(Blind)
",2367272
466,안상훈,20111254,감독,"아랑(Arang)
",1122399
467,안상훈,20111254,감독,"패스오버(Pass Over)
",-1
468,홍원찬,10089708,감독,"오피스(Office)
",441208
469,홍원찬,10089708,감독,"골목의끝(The End of an Alley)
",-1
470,박흥식,20110989,감독,"협녀, 칼의 기억(Memories of the Sword)
",431310
471,박흥식,20110989,감독,"해어화(LOVE, LIES)
",485695
472,박흥식,20110989,감독,"2015 GSFF 배우 특별전: 김수안(SPECIAL SCREENING: ACTOR AND ACTRESS SECTION)
",-1
473,박흥식,20110989,감독,"천국의 아이들(Children of Heaven)
",3432
474,박흥식,20110989,감독,"미안해, 고마워(Sorry and Thank You)
",9998
475,박흥식,20110989,감독,내 동생,-1
476,박흥식,20110989,감독,"사랑해, 말순씨(Bravo, My Life)
",406526
477,박흥식,20110989,감독,"인어 공주(My Mother, The Mermaid)
",661679
478,박흥식,20110989,감독,"나도 아내가 있었으면 좋겠다(I Wish I Had a Wife)
",-1
479,오승욱,10050533,감독,"무뢰한(The Shameless)
",414626
480,오승욱,10050533,감독,"나의 사랑, 나의 영화(My Love, Korean Cinema)
",-1
481,오승욱,10050533,감독,"킬리만자로(Kilimanjaro)
",-1
482,문제용,10026804,감독,"내 심장을 쏴라(Shoot Me in the Heart)
",387409
483,문제용,10026804,감독,"쌍둥이들(Twins)
",-1
484,문제용,10026804,감독,"시린 귀를 감싸며(Please Stay with Me)
",-1
485,김성제,10004620,감독,"소수의견(The Unfair)
",383332
486,이해영,10058049,감독,독전: 익스텐디드 컷,137775
487,이해영,10058049,감독,"독전(Believer)
",5063620
488,이해영,10058049,감독,"경성학교: 사라진 소녀들(The Silenced)
",356342
489,이해영,10058049,감독,"페스티발(Foxy Festival)
",200123
490,이해영,10058049,감독,"천하장사 마돈나(Like A Virgin)
",678930
491,신동엽,20111176,감독,게이트-완결판,1339
492,신동엽,20111176,감독,"게이트(Gate)
",101173
493,신동엽,20111176,감독,"대결(Duel:The Final Round)
",32278
494,신동엽,20111176,감독,"치외법권(Untouchable Lawmen)
",346483
495,신동엽,20111176,감독,"따라지 : 비열한 거리(The Outsider: Mean Streets)
",11
496,신동엽,20111176,감독,"따라지: 비열한 거리 무삭제판(The Outsider: Mean Streets)
",1
497,신동엽,20111176,감독,"응징자(Days of Wrath)
",192347
498,신동엽,20111176,감독,"웨딩스캔들(Wedding Scandal)
",21295
499,신동엽,20111176,감독,"서유기 리턴즈(Supermonkey Returns)
",12696
500,신동엽,20111176,감독,"내사랑 싸가지(100 Days With Mr. Arrogant)
",1513000
501,하기호,10086669,감독,"극적인 하룻밤(LOVE GUIDE FOR DUMPEES)
",321641
502,하기호,10086669,감독,"라듸오 데이즈(Radio Days)
",214946
503,하기호,10086669,감독,"내 사랑 십자 드라이버, 사이코드라마(단편)(To My Love)
",-1
504,이종필,10057407,감독,Dir/Actors 3. Friends_신이수&이우정&이종필&최시형 단편,-1
505,이종필,10057407,감독,"도리화가(THE SOUND OF A FLOWER)
",317505
506,이종필,10057407,감독,"전국노래자랑(Born to Sing)
",977873
507,이종필,10057407,감독,"앙상블(Ensemble)
",776
508,이종필,10057407,감독,인디포럼2015 특별4,-1
509,이종필,10057407,감독,이제 난 용감해질거야,-1
510,이종필,10057407,감독,"달세계여행(A Trip to the Moon)
",-1
511,이종필,10057407,감독,"불을 지펴라(Light My Fire)
",-1
512,권형진,10002567,감독,"함정(Deep Trap)
",257990
513,권형진,10002567,감독,"웨딩드레스(Wedding Dress)
",146148
514,권형진,10002567,감독,"트럭(The Truck)
",540485
515,권형진,10002567,감독,"호로비츠를 위하여(For Horowitz)
",544656
516,권형진,10002567,감독,"MOB 2025 1편 : 전운(MOB 2025)
",-1
517,김대승,10003845,감독,"조선마술사(The Magician)
",628576
518,김대승,10003845,감독,"후궁 : 제왕의 첩(The Concubine)
",2636320
519,김대승,10003845,감독,백문백답,-1
520,김대승,10003845,감독,"연인(Lovers)
",-1
521,김대승,10003845,감독,"가을로(Traces of Love)
",707820
522,김대승,10003845,감독,"혈의 누(Blood Rain)
",2274995
523,김대승,10003845,감독,"번지점프를 하다(Bungee Jumping Of Their Own)
",-1
524,김아론,10004879,감독,"볼링블링(Bowling Bling)
",-1
525,김아론,10004879,감독,"연애의 맛(Love Clinic)
",214539
526,김아론,10004879,감독,"헬로우 마이 러브(Hello My Love)
",10905
527,김아론,10004879,감독,"라라 선샤인(LaLa Sunshine)
",293
528,김아론,10004879,감독,"온실(Glasshouse)
",-1
529,우민호,20111283,감독,남산의 부장들,-1
530,우민호,20111283,감독,"마약왕(The Drug King)
",-1
531,우민호,20111283,감독,"내부자들(Inside Men)
",7072021
532,우민호,20111283,감독,"내부자들: 디 오리지널(Inside Men: The Original)
",2083999
533,우민호,20111283,감독,"간첩(The Spies)
",1310895
534,우민호,20111283,감독,"파괴된 사나이(Man Of Vendetta)
",1030285
535,우민호,20111283,감독,"누가 예수를 죽였는가?(Who killed Jesus?)
",-1
536,윤재구,10054464,감독,"은밀한 유혹(Perfect Proposal)
",145547
537,윤재구,10054464,감독,"시크릿(Secret)
",1046787
538,임상수,10058591,감독,"뱀파이어는 우리 옆집에 산다(THE VAMPIRE LIVES NEXT DOOR TO US)
",-1
539,임상수,10058591,감독,"컬러 오브 아시아 -  마스터스(Color of Asia - Masters)
",-1
540,임상수,10058591,감독,서울독립영화제2015  심야상영2,-1
541,임상수,10058591,감독,서울독립영화제 2015 특별단편 3,-1
542,임상수,10058591,감독,"나의 절친 악당들(Intimate Enemies)
",133553
543,임상수,10058591,감독,"사랑해, 리우(Rio, I Love You)
",-1
544,임상수,10058591,감독,"돈의 맛(The Taste of Money)
",1166018
545,임상수,10058591,감독,"하녀(The Housemaid)
",2304487
546,임상수,10058591,감독,"오래된 정원(The Old Garden)
",296532
547,임상수,10058591,감독,"그때 그 사람들(The President's Last Bang)
",1083962
548,임상수,10058591,감독,"바람난 가족(A Good Lawyer's Wife)
",1748258
549,임상수,10058591,감독,"눈물(Tears)
",-1
550,임상수,10058591,감독,"처녀들의 저녁식사(Girls' Night Out)
",-1
551,임상수,10058591,감독,"예쁜 찬장 하나(A Pretty Cupboard)
",-1
552,임상수,10058591,감독,"구선생의 카메라(Mr. Koo's Camera)
",-1
553,임상수,10058591,감독,"어머니(Mother)
",-1
554,김휘,10003489,감독,무서운 이야기2 '사고',-1
555,김휘,10003489,감독,"석조저택 살인사건(The Tooth and the Nail)
",353043
556,김휘,10003489,감독,"퇴마: 무녀굴(The Chosen: Forbidden Cave)
",120802
557,김휘,10003489,감독,"무서운 이야기 2(Horror Stories II)
",495522
558,권오광,10002458,감독,타짜 3,-1
559,권오광,10002458,감독,인디스데이 10월 단편,-1
560,권오광,10002458,감독,"돌연변이(Collective Invention)
",100543
561,권오광,10002458,감독,"질식(Suffocation)
",-1
562,권오광,10002458,감독,"녹색물질(Green Slime)
",-1
563,권오광,10002458,감독,"고래를 본 날(Encounter on the Sea)
",-1
564,김상진,10004438,감독,"쓰리 썸머 나잇(Three Summer Night)
",77621
565,김상진,10004438,감독,"투혼(Pitch High)
",210970
566,김상진,10004438,감독,"주유소 습격사건 2(Attack The Gas Station 2)
",742475
567,김상진,10004438,감독,"권순분여사 납치사건(Kidnapping Granny K)
",1619190
568,김상진,10004438,감독,"귀신이 산다(Ghost House)
",2890000
569,김상진,10004438,감독,"광복절 특사(Jail Breakers)
",3101900
570,김상진,10004438,감독,"신라의 달밤(Kick The Moon)
",-1
571,김상진,10004438,감독,"주유소 습격사건(Attack The Gas Station!)
",2310000
572,김상진,10004438,감독,"
1f40
투캅스 3(Two Cops 3)
",-1
573,김상진,10004438,감독,"깡패수업(The Rules Of A Gangster)
",-1
574,김상진,10004438,감독,"돈을 갖고 튀어라(Millions In My Account)
",-1
575,전윤수,10061405,감독,"세이브 미(Save Me)
",-1
576,전윤수,10061405,감독,"미안해 사랑해 고마워(Summer Snow)
",51207
577,전윤수,10061405,감독,"미인도(Portrait of a Beauty)
",2325715
578,전윤수,10061405,감독,"식객(Le Grand Chef)
",3038868
579,전윤수,10061405,감독,"파랑주의보(My Girl and I)
",328538
580,전윤수,10061405,감독,"베사메무쵸(Besa Me Mucho)
",-1
581,전윤수,10061405,감독,굿바이 서울 신파,-1
582,박은경,20066038,감독,"비밀(Circle of Atonement)
",50196
583,조치언,20138384,감독,"약장수(Clown of a Salesman)
",43562
584,이서,10055931,감독,"그랜드파더(Grand Father)
",31640
585,이서,10055931,감독,"타투(Tattoo)
",12103
586,이서,10055931,감독,"사람을 찾습니다(Missing Person)
",546
587,박재식,10029120,감독,"검은손(Black Hand)
",11650
588,박재식,10029120,감독,"외톨이(The Loner)
",74282
589,연상호,10049814,감독,"염력(Psychokinesis)
",990104
590,연상호,10049814,감독,콕!애니 - [섹션2] VIEW : 세상보기,-1
591,연상호,10049814,감독,"서울역(Seoul Station)
",147031
592,연상호,10049814,감독,"부산행(TRAIN TO BUSAN)
",11565479
593,연상호,10049814,감독,연상호 감독 특별전 : 지옥의 시네마,-1
594,연상호,10049814,감독,7월 수요단편극장 “연상호 감독 특별전”,-1
595,연상호,10049814,감독,"집으로(The Way Home)
",-1
596,연상호,10049814,감독,"제14회 미쟝센 단편 영화제 웃는 게 웃는 게 아니야(Are You Laughing Now?)
",-1
597,연상호,10049814,감독,"사이비(The Fake)
",22070
598,연상호,10049814,감독,"창(The Window)
",-1
599,연상호,10049814,감독,"SICAF2015 연상호 단편선(SICAF2015 YOEN Sang-Ho Short Films)
",-1
600,연상호,10049814,감독,"돼지의 왕(The King of Pigs)
",19340
601,연상호,10049814,감독,"사랑은 단백질(Love is Protein)
",-1
602,연상호,10049814,감독,"인디애니박스:셀마의 단백질 커피(Selma'S Protein Coffee)
",-1
603,연상호,10049814,감독,"지옥: 두개의 삶(The Hell (Two Kinds of Life))
",-1
604,연상호,10049814,감독,"지옥(The Hell)
",-1
605,연상호,10049814,감독,인디포럼2015 특별2,-1
606,이일형,10057103,감독,"검사외전(A Violent Prosecutor)
",9707158
607,김지운,10005852,감독,"인랑(ILLANG : THE WOLF BRIGADE)
",897548
608,김지운,10005852,감독,"밀정(The Age of Shadows)
",7500420
609,김지운,10005852,감독,제13회 미쟝센 단편영화제 김지운 감독 마스터클래스,-1
610,김지운,10005852,감독,제13회 미쟝센 단편영화제 김지운 단편 특별전2,-1
611,김지운,10005852,감독,제13회 미쟝센 단편영화제 김지운 단편 특별전1,-1
612,김지운,10005852,감독,"사랑의 가위바위보(One Perfect Day)
",-1
613,김지운,10005852,감독,"더 엑스(The X)
",-1
614,김지운,10005852,감독,"라스트 스탠드(The Last Stand)
",66698
615,김지운,10005852,감독,"인류멸망 보고서(Doomsday Book)
",97916
616,김지운,10005852,감독,인류 멸망 보고서 '천상의 피조물',-1
617,김지운,10005852,감독,"악마를 보았다(I Saw The Devil)
",1848418
618,김지운,10005852,감독,"악마를 보았다 감독판(I Saw The Devil: Director's Edition)
",-1
619,김지운,10005852,감독,"선물(Present)
",-1
620,김지운,10005852,감독,"좋은 놈, 나쁜 놈, 이상�
1ea0
� 놈(The Good, The Bad, And The Weird)
",6686912
621,김지운,10005852,감독,"좋은 놈, 나쁜 놈, 이상한 놈(칸버전)(The Good, the Bad, and the Weird(Cannes Version))
",-1
622,김지운,10005852,감독,"달콤한 인생(A Bittersweet Life)
",1271595
623,김지운,10005852,감독,"장화, 홍련(A Tale Of Two Sisters)
",3146217
624,김지운,10005852,감독,"사랑의 힘(The Power Of Love)
",-1
625,김지운,10005852,감독,"쓰리(Three)
",-1
626,김지운,10005852,감독,"쓰리 메모리즈(Three Memories)
",-1
627,김지운,10005852,감독,"커밍 아웃(Coming Out)
",-1
628,김지운,10005852,감독,"반칙왕(The Foul King)
",-1
629,김지운,10005852,감독,"조용한 가족(The Quiet Family)
",-1
630,김성훈,10087253,감독,"허삼관(Chronicle of a Blood Merchant)
",955175
631,김성훈,10087253,감독,"롤러코스터(Fasten Your Seatbelt)
",270148
632,이재한,10057235,감독,"인천상륙작전(Operation Chromite)
",7049643
633,이재한,10057235,감독,"인천상륙작전 : 익스텐디드 에디션(확장판)(Operation Chromite)
",27070
634,이재한,10057235,감독,"제3의 사랑(The Third Way of Love)
",8108
635,이재한,10057235,감독,"사요나라 이츠카(Sayonara Itsuka)
",23605
636,이재한,10057235,감독,"포화속으로(71-Into The Fire)
",3385706
637,이재한,10057235,감독,"내 머리 속의 지우개(A Moment To Remember)
",2565078
638,이재한,10057235,감독,"컷 런스 딥(The Cut Runs Deep)
",-1
639,이계벽,10054784,감독,"힘을 내요, 미스터 리(가제)",-1
640,이계벽,10054784,감독,"럭키(LUCK-KEY)
",6975290
641,이계벽,10054784,감독,"아무도 모른다(Nobody Knows)
",-1
642,이계벽,10054784,감독,"9시 5분(09:05)
",-1
643,이계벽,10054784,감독,"야수와 미녀(The Beast and the Beauty)
",1561282
644,나홍진,10007437,감독,"곡성(THE WAILING)
",6879908
645,나홍진,10007437,감독,"황해(The Yellow Sea)
",2167426
646,나홍진,10007437,감독,"추격자(The Chaser)
",5071619
647,나홍진,10007437,감독,"汗(Sweat)
",-1
648,나홍진,10007437,감독,"완벽한 도미요리(A Perfect Red Snapper Dish)
",-1
649,허진호,10088463,감독,천문: 하늘에 묻는다(가제),-1
650,허진호,10088463,감독,"두개의 빛: 릴루미노(Two Lights: Relumino)
",-1
651,허진호,10088463,감독,"MSFF2017 허진호 단편 특별전(HUR Jin-ho Short Film Special)
",-1
652,허진호,10088463,감독,"덕혜옹주(The Last Princess)
",5599229
653,허진호,10088463,감독,"위험한 관계(Dangerous Liaisons)
",298086
654,허진호,10088463,감독,"제 6회 제천국제음악영화제 트레일러(6th Jecheon International Music & Film Festival Trailer)
",-1
655,허진호,10088463,감독,"나, 여기있어요(Here I am)
",-1
656,허진호,10088463,감독,"호우시절(A Good Rain Knows)
",291143
657,허진호,10088463,감독,"오감도(Five Senses Of Eros)
",443462
658,허진호,10088463,감독,"행복(Happiness)
",1239789
659,허진호,10088463,감독,"외출(April Snow)
",809191
660,허진호,10088463,감독,"나의 새 남자친구(My new boyfriend)
",-1
661,허진호,10088463,감독,"이공(Twentidentity)
",-1
662,허진호,10088463,감독,"따로 또 같이(Alone Together)
",-1
663,허진호,10088463,감독,"봄날은 간다(One Fine Spring Day)
",-1
664,허진호,10088463,감독,"8월의 크리스마스(Christmas in August)
",-1
665,허진호,10088463,감독,"고철을 위하여(For Go-chul)
",-1
666,허진호,10088463,감독,"사랑이 죄인가(Is love guilty?)
",-1
667,조의석,10066810,감독,"마스터(Master)
",7150541
668,조의석,10066810,감독,"감시자들(Cold Eyes)
",5508017
669,조의석,10066810,감독,"조용한 세상(The World Of Silence)
",178434
670,조의석,10066810,감독,"일단뛰어(Make It Big)
",-1
671,박정우,10029181,감독,"판도라(Pandora)
",4583645
672,박정우,10029181,감독,"연가시(Deranged)
",4515833
673,박정우,10029181,감독,"쏜다(Big Bang)
",365684
674,박정우,10029181,감독,"바람의 전설(Dance With The Wind)
",266000
675,박찬욱,10029381,감독,"아가씨(확장판)(The Handmaiden)
",-1
676,박찬욱,10029381,감독,"아가씨(The Handmaiden)
",4287839
677,박찬욱,10029381,감독,"고진감래(Bitter, Sweet, Seoul)
",-1
678,박찬욱,10029381,감독,<3월 단편 상상극장-파킹 찬스>,-1
679,박찬욱,10029381,감독,"A Rose Reborn(A Rose Reborn)
",-1
680,박찬욱,10029381,감독,"V(V)
",-1
681,박찬욱,10029381,감독,"스토커(Stoker)
",378729
682,박찬욱,10029381,감독,"청출어람(DAY TRIP)
",-1
683,박찬욱,10029381,감독,"파란만장(Night Fishing)
",-1
684,박찬욱,10029381,감독,"박쥐(Thirst)
",2237271
685,박찬욱,10029381,감독,"싸이보그지만 괜찮아(I'm a Cyborg, but That's OK)
",739481
686,박찬욱,10029381,감독,"친절한 금자씨(Sympathy For Lady Vengeance)
",3650000
687,박찬욱,10029381,감독,"쓰리 몬스터(Three… Extremes)
",281540
688,박찬욱,10029381,감독,"쓰리, 몬스터 '컷'(cut)
",-1
689,박찬욱,10029381,감독,"올드보이(Old Boy)
",3269000
690,박찬욱,10029381,감독,"여섯 개의 시선(If You Were Me)
",31171
691,박찬욱,10029381,감독,"믿거나 말거나, 찬드라의 경우(Never Ending Peace And Love)
",-1
692,박찬욱,10029381,감독,"복수는 나의 것(Sympathy for Mr. Vengeance)
",-1
693,박찬욱,10029381,감독,"공동경비구역 JSA(Joint Security Area /JSA)
",-1
694,박찬욱,10029381,감독,"심판(Judgement)
",-1
695,박찬욱,10029381,감독,"3인조(Trio)
",-1
696,박찬욱,10029381,감독,"달은...해가 꾸는 꿈(The Moon Is What The Sun Dreams Of)
",-1
697,조정래,10066934,감독,"귀향, 끝나지 않은 이야기(Spirits' Homecoming, Unfinished Story)
",14490
698,조정래,10066934,감독,"귀향(Spirits' Homecoming)
",3586929
699,조정래,10066934,감독,"파울볼(WONDERS)
",31137
700,조정래,10066934,감독,"두레소리(Duresori : The Voice of the East)
",35326
701,권수경,10002413,감독,"형(MY ANNOYING BROTHER)
",2982022
702,권수경,10002413,감독,"발칙한 로맨스(가제)(Fly Me To The Moon)
",-1
703,권수경,10002413,감독,"맨발의 기봉이(Barefoot Ki-Bong)
",2347311
704,김성수,10004596,감독,"아수라(Asura : The City of Madness)
",2594028
705,김성수,10004596,감독,"감기(Flu)
",3119023
706,김성수,10004596,감독,"나와 통하는 다음검색 : 빽(Back)
",-1
707,김성수,10004596,감독,"영어완전정복(Please Teach Me English)
",917782
708,김성수,10004596,감독,"무사(Musa-The Warrior)
",-1
709,김성수,10004596,감독,"태양은 없다(City of The Rising Sun)
",-1
710,김성수,10004596,감독,"비트(Beat)
",-1
711,김성수,10004596,감독,"런어웨이(Run Away)
",-1
712,김성수,10004596,감독,결혼만들기,-1
713,김성수,10004596,감독,"비명도시(Dead End)
",-1
714,김태곤,10006078,감독,"굿바이 싱글(Familyhood)
",2108273
715,김태곤,10006078,감독,"범죄의 여왕(The Queen of Crime)
",43823
716,김태곤,10006078,감독,"아시아 독립영화의 미래-ACF 쇼케이스2013-1999, 면회(Sunshine Boys)
",-1
717,김태곤,10006078,감독,"1999, 면회(Sunshine Boys)
",3338
718,김태곤,10006078,감독,"환상극장(Short! Short! Short! 2010)
",176
719,김태곤,10006078,감독,"1000만(Ten Million)
",-1
720,김태곤,10006078,감독,"독(The Pot)
",538
721,김태곤,10006078,감독,"빨리 보는 남자, 빨리 치는 여자(The Fast Watcher and The Fast Typist)
",-1
722,박대민,10028545,감독,"봉이 김선달(Seondal: The Man who Sells the River)
",2051277
723,박대민,10028545,감독,"그림자 살인(Private eye)
",1914779
724,박대민,10028545,감독,"이봐요 무얼 찾고 있나요?(Hey, What are You Looking for?)
",-1
725,조성희,10065952,감독,Dir/Actors 5. 구교환&조현철,-1
726,조성희,10065952,감독,"탐정 홍길동: 사라진 마을(The Phantom Detective)
",1430666
727,조성희,10065952,감독,KAFA 단편 2,-1
728,조성희,10065952,감독,"늑대소년(A Werewolf Boy)
",6654837
729,조성희,10065952,감독,"늑대소년-확장판(A Werewolf Boy-Director's Cut)
",414083
730,조성희,10065952,감독,"짐승의 끝(End of Animal)
",1030
731,조성희,10065952,감독,"사사건건(Nice Shorts)
",1161
732,조성희,10065952,감독,"남매의 집(Don't Step Out of the House)
",-1
733,권종관,10002517,감독,"특별수사: 사형수의 편지(Proof of Innocence)
",1241899
734,권종관,10002517,감독,"동전 모으는 소년(Coin Boy)
",-1
735,권종관,10002517,감독,"새드무비(Sad Movie)
",1066765
736,권종관,10002517,감독,"S 다이어리(S Diary)
",1531840
737,권종관,10002517,감독,"이발소 異氏(Uncle 'Bar' At Barbershop)
",-1
738,권종관,10002517,감독,"1979년 10월 28일 일요일 맑음(28th October 1979, A Sunny Sunday)
",-1
739,곽재용,10002002,감독,"바람의 색(Colors of Wind)
",2001
740,곽재용,10002002,감독,"시간이탈자(Time Renegades)
",1202384
741,곽재용,10002002,감독,"미스 히스테리(Meet Miss Anxiety)
",24
742,곽재용,10002002,감독,"싸이보그 그녀(Cyborg She)
",20975
743,곽재용,10002002,감독,"무림여대생(My Mighty Princess)
",28019
744,곽재용,10002002,감독,3인 3색 러브스토리 : 사랑즐감,-1
745,곽재용,10002002,감독,기억이 들린다,-1
746,곽재용,10002002,감독,"내 여자친구를 소개합니다(Windstruck)
",2199359
747,곽재용,10002002,감독,"클래식(The Classic)
",1545107
748,곽재용,10002002,감독,"엽기적인 그녀(My Sassy Girl)
",-1
749,곽재용,10002002,감독,"비 오는 날 수채화2(Water Color Painting On A Rainy Day 2 -Zelkova Tree's Hill)
",-1
750,곽재용,10002002,감독,"가을여행(Autumn Journey)
",-1
751,곽재용,10002002,감독,"비 오는 날 수채화(A Sketch Of A Rainy Day)
",-1
752,이준익,10057485,감독,"박열(Anarchist from the colony)
",2359174
753,이준익,10057485,감독,"변산(Sunset in My Hometown)
",490033
754,이준익,10057485,감독,"동주(DONGJU; The Portrait of A Poet)
",1169335
755,이준익,10057485,감독,"사도(The Throne)
",6246849
756,이준익,10057485,감독,"소원(Hope)
",2711071
757,이준익,10057485,감독,"봄날의 입맞춤(Kisses from Spring)
1d97

",-1
758,이준익,10057485,감독,"평양성(Battlefield Heroes)
",1717566
759,이준익,10057485,감독,"구르믈 버서난 달처럼(Blades of Blood)
",1407681
760,이준익,10057485,감독,"님은 먼 곳에(Sunny)
",1706576
761,이준익,10057485,감독,"즐거운 인생(The Happy Life)
",1263835
762,이준익,10057485,감독,"라디오 스타(Radio Star)
",1879501
763,이준익,10057485,감독,"왕의 남자(King And The Clown)
",12302831
764,이준익,10057485,감독,"황산벌(Once Upon A Time In A Battlefield)
",2771236
765,이준익,10057485,감독,"키드캅(Kid Cop)
",-1
766,이언희,10056602,감독,"탐정: 리턴즈(The Accidental Detective 2: In Action)
",3152872
767,이언희,10056602,감독,"미씽: 사라진 여자(MISSING)
",1153109
768,이언희,10056602,감독,"어깨 너머의 연인(Love Exposure)
",301153
769,이언희,10056602,감독,"...ing(...ing)
",483828
770,홍지영,10089855,감독,무서운 이야기 '콩쥐 팥쥐',-1
771,홍지영,10089855,감독,"당신, 거기 있어줄래요(Will You Be There?)
",1168625
772,홍지영,10089855,감독,"결혼전야(Marriage Blue)
",1214836
773,홍지영,10089855,감독,"별 모양의 얼룩(Star Shaped Stain)
",-1
774,홍지영,10089855,감독,"무서운 이야기(Horror Stories)
",331760
775,홍지영,10089855,감독,"가족시네마(Modern Family)
",2639
776,홍지영,10089855,감독,"키친(The Naked Kitchen)
",142336
777,홍지영,10089855,감독,로자이야기,-1
778,이한,10058005,감독,"증인(innocent witness)
",-1
779,이한,10058005,감독,"오빠생각(A Melody to Remember)
",1069436
780,이한,10058005,감독,"우아한 거짓말(Thread of Lies)
",1618988
781,이한,10058005,감독,"완득이(Punch)
",5310510
782,이한,10058005,감독,"내 사랑(Love, First)
",977401
783,이한,10058005,감독,"청춘만화(Almost Love)
",2066354
784,이한,10058005,감독,"연애소설(Lover's Concerto)
",-1
785,이철하,10057717,감독,"날, 보러와요(INSANE)
",1063421
786,이철하,10057717,감독,"안녕?! 오케스트라(Hello?! Orchestra)
",14665
787,이철하,10057717,감독,"폐가(The Haunted House Project)
",229610
788,이철하,10057717,감독,"스토리 오브 와인(Story of Wine)
",-1
789,이철하,10057717,감독,"사랑 따윈 필요 없어(
1794
Love Me Not)
",548998
790,강우석,10000783,감독,"고산자, 대동여지도(The Map Against the World)
",974262
791,강우석,10000783,감독,"전설의 주먹(Fists of Legend)
",1744585
792,강우석,10000783,감독,"글러브(GLOVE)
",1888100
793,강우석,10000783,감독,"이끼(Moss)
",3408144
794,강우석,10000783,감독,"강철중: 공공의 적 1-1(Public Enemy Returns)
",4300670
795,강우석,10000783,감독,"한반도(Hanbando)
",3880308
796,강우석,10000783,감독,"공공의 적 2(Another Public Enemy)
",3911356
797,강우석,10000783,감독,"실미도(Silmido)
",11081000
798,강우석,10000783,감독,"공공의 적(Public Enemy)
",-1
799,강우석,10000783,감독,"생과부 위자료 청구소송(Bedroom And Courtroom)
",-1
800,강우석,10000783,감독,"맥주가 애인보다 좋은 7가지 이유(Seven Reasons Beer Is Better Than Love)
",-1
801,강우석,10000783,감독,"투캅스 2(Two Cops 2)
",-1
802,강우석,10000783,감독,"마누라 죽이기(How To Top My Wife)
",-1
803,강우석,10000783,감독,"투캅스(Two Cops)
",-1
804,강우석,10000783,감독,"미스터 맘마(Mister Mama)
",-1
805,강우석,10000783,감독,"스무살까지만 살고 싶어요(I Want Live Just Until 20 Years Old)
",-1
806,강우석,10000783,감독,"누가 용의 발톱을 보았는가(Who Saw The Dragon's Toenail?)
",-1
807,강우석,10000783,감독,"열아홉의 절망끝에 부르는 하나의 사랑노래(Teenage Love Song)
",-1
808,강우석,10000783,감독,"나는 날마다 일어선다(I Stand Every Day)
",-1
809,강우석,10000783,감독,"행복은 성적순이 아니잖아요(Happiness Does Not Come In Grades)
",-1
810,강우석,10000783,감독,"달콤한 신부들(Sweet Brides)
",-1
811,박현진,20110969,감독,"아이돌 권한대행(Idol Fever)
",-1
812,박현진,20110969,감독,"좋아해줘(Like for Likes)
",848148
813,박현진,20110969,감독,출중한 여자,-1
814,박현진,20110969,감독,"로맨틱 무브먼트, 서울(Romantic Movement in SEOUL)
",-1
815,박현진,20110969,감독,"6년째 연애중(Lovers of 6 Years)
",1123294
816,최국희,10072117,감독,"국가부도의 날(Default)
",744635
817,최국희,10072117,감독,"스플릿(SPLIT)
",758195
818,최국희,10072117,감독,"그날 밤의 축제(Carnival)
",-1
819,최국희,10072117,감독,"삶은 전진하고(Life Goes On)
",-1
820,최국희,10072117,감독,"청춘, 외대앞(The Springtime Of Life)
",-1
821,최국희,10072117,감독,"블루 디코딩(Blue Decoding)
",-1
822,김종현,10005717,감독,"국가대표 2(RUN OFF)
",709929
823,김종현,10005717,감독,"마이 뉴 파트너(My New Partner)
",265323
824,김종현,10005717,감독,"슈퍼스타 감사용(Mr. Gam’s Victory)
",834706
825,조규장,10065265,감독,"목격자(The Witness)
",2524333
826,조규장,10065265,감독,"그날의 분위기(Mood of the Day)
",652453
827,조규장,10065265,감독,"낙타는 말했다(A Camel Doesn't Leave Desert)
",167
828,조규장,10065265,감독,"봉수(Bong-su)
",-1
829,이우철,10056854,감독,"사냥(The Hunt)
",645922
830,이우철,10056854,감독,"첼로-홍미주 일가 살인사건(Cello)
",197678
831,모홍진,10026501,감독,"널 기다리며(Missing You)
",635235
832,엄태화,10047368,감독,"가려진 시간(VANISHING TIME: A BOY WHO RETURNED)
",510878
833,엄태화,10047368,감독,12월 수요단편극장 “그들 각자의 ‘단편’ 영화관”,-1
834,엄태화,10047368,감독,12월 단편 상상극장-응답하라 1988,-1
835,엄태화,10047368,감독,KAFA 단편 3,-1
836,엄태화,10047368,감독,11월 단편 상상극장-엄태화,-1
837,엄태화,10047368,감독,"잉투기(INGtoogi: The Battle of Internet Trolls)
",17071
838,엄태화,10047368,감독,"숲(Forest)
",-1
839,엄태화,10047368,감독,"촌철살인(Nice Shorts! 2011)
",214
840,엄태화,10047368,감독,"하트바이브레이터(Heart Vibrator)
",-1
841,엄태화,10047368,감독,"신봉리 우리집; 흔한 이야기(Common Story)
",-1
842,엄태화,10047368,감독,"유숙자(Home Sweet Home)
",-1
843,엄태화,10047368,감독,"선인장(Cactus)
",-1
844,박흥식,20110989,감독,"협녀, 칼의 기억(Memories of the Sword)
",431310
845,박흥식,20110989,감독,"해어화(LOVE, LIES)
",485695
846,박흥식,20110989,감독,"2015 GSFF 배우 특별전: 김수안(SPECIAL SCREENING: ACTOR AND ACTRESS SECTION)
",-1
847,박흥식,20110989,감독,"천국의 아이들(C
1f40
hildren of Heaven)
",3432
848,박흥식,20110989,감독,"미안해, 고마워(Sorry and Thank You)
",9998
849,박흥식,20110989,감독,내 동생,-1
850,박흥식,20110989,감독,"사랑해, 말순씨(Bravo, My Life)
",406526
851,박흥식,20110989,감독,"인어 공주(My Mother, The Mermaid)
",661679
852,박흥식,20110989,감독,"나도 아내가 있었으면 좋겠다(
17aa
I Wish I Had a Wife)
",-1
853,창,10071587,감독,"숲속의 아이(Forest)
",-1
854,창,10071587,감독,"계춘할망(Canola)
",482259
855,창,10071587,감독,치명도수: RESET,-1
856,창,10071587,감독,"표적(The Target)
",2841788
857,창,10071587,감독,"고死 : 피의 중간고사(Death
1793
 Bell)
",1634051
858,이호재,10058219,감독,"로봇, 소리(SORI: Voice from the Heart)
",476665
859,이호재,10058219,감독,"작전(The Scam)
",1534407
860,남대중,20209287,감독,기방도령(가제),-1
861,남대중,20209287,감독,"위대한 소원(THE LAST RIDE)
",308398
862,이두환,20246149,감독,"혼숨(HIDE-AND-NEVER SEEK)
",288016
863,이경미,10054739,감독,"아랫집(The Lady from 406)
",-1
864,이경미,10054739,감독,"비밀은 없다(The Truth Beneath)
",250650
865,이경미,10054739,감독,음모자,-1
866,이경미,10054739,감독,"미쓰 홍당무(Crush And Blush)
",532324
867,이은희,20140739,감독,"순정(UNFORGETTABLE)
",240484
868,이은희,20140739,감독,"힘내라 YS(Fighting YS)
",-1
869,이윤기,10056949,감독,"어느날(Oneday)
",234681
870,이윤기,10056949,감독,"남과 여(A Man and A Woman)
",203775
871,이윤기,10056949,감독,"사랑한다, 사랑하지 않는다(Come Rain, Come Shine)
",66233
872,이윤기,10056949,감독,티파니에서 아침을,-1
873,이윤기,10056949,감독,"멋진 하루(My Dear Enemy)
",390741
874,이윤기,10056949,감독,"아주 특별한 손님(Ad Lib Night)
",1956
875,이윤기,10056949,감독,"러브토크(Love Talk)
",15719
876,이윤기,10056949,감독,"여자, 정혜(This Charming Girl)
",43457
877,석민우,20122507,감독,"대배우(THE GREAT ACTOR)
",169855
878,백승빈,20080184,감독,"나와 봄날의 약속(I Have a Date with Spring)
",2929
879,백승빈,20080184,감독,"무서운 이야기 3 : 화성에서 온 소녀(Horror Stories III)
",97804
880,백승빈,20080184,감독,무서운 이야기 3 '여우골',-1
881,백승빈,20080184,감독,"디어 에밀리(Dear Emily)
",-1
882,백승빈,20080184,감독,"장례식의 멤버(Members of the Funeral)
",395
883,백승빈,20080184,감독,"프랑스 중위의 여자(The French Lieutenant’s Woman)
",-1
884,백승화,10030331,감독,"오목소녀(Omok Girl)
",1263
885,백승화,10030331,감독,10월 수요단편극장 <걷기왕> 개봉 기념 특별전,-1
886,백승화,10030331,감독,"걷기왕(Queen of Walking)
",95542
887,백승화,10030331,감독,"한국 환경영화의 흐름 단편 3(Green Panorama in Korea Shorts 3)
",-1
888,백승화,10030331,감독,"화목한 수레(Rolling Flower)
",-1
889,백승화,10030331,감독,"반드시 크게 들을 것 2 : Wild Days(Turn It Up to Eleven 2 : Wild Days)
",1999
890,백승화,10030331,감독,"지각생들(Lateness)
",-1
891,백승화,10030331,감독,"반드시 크게 들을 것(Turn It Up To 11)
",2023
892,백승화,10030331,감독,"잘 자, 좋은 꿈꿔!(Good Night)
",-1
893,조근식,10065271,감독,"엽기적인 그녀 2(My New Sassy Girl)
",77124
894,조근식,10065271,감독,"그해 여름(Once in a Summer)
",336065
895,조근식,10065271,감독,"품행제로(Conduct Zero)
",1694637
896,조근식,10065271,감독,"워너비(Wan-na-be)
",-1
897,조근현,10065272,감독,"흥부: 글로 세상을 바꾼 자(Heung-boo: The Revolutionist)
",416303
898,조근현,10065272,감독,"번개맨(Bungaeman)
",69303
899,조근현,10065272,감독,"봄(Late Spring)
",14780
900,조근현,10065272,감독,"26년(26 Years)
",2963449
901,채두병,20211226,감독,"올레(DETOUR)
",66883
902,이성태,20244789,감독,"두 남자(Derailed)
",60365
903,송민규,10037076,감독,"목숨 건 연애(Life Risking Romance)
",48010
904,이창열,20225826,감독,"트릭(Trick)
",38262
905,신동엽,20111176,감독,게이트-완결판,1339
906,신동엽,20111176,감독,"게이트(Gate)
",101173
907,신동엽,20111176,감독,"대결(Duel:The Final Round)
",32278
908,신동엽,20111176,감독,"치외법권(Untouchable Lawmen)
",346483
909,신동엽,20111176,감독,"따라지 : 비열한 거리(The Outsider: Mean Streets)
",11
910,신동엽,20111176,감독,"따라지: 비열한 거리 무삭제판(The Outsider: Mean Streets)
",1
911,신동엽,20111176,감독,"응징자(Days of Wrath)
",192347
912,신동엽,20111176,감독,"웨딩스캔들(Wedding Scandal)
",21295
913,신동엽,20111176,감독,"서유기 리턴즈(Supermonkey Returns)
",12696
914,신동엽,20111176,감독,"내사랑 싸가지(100 Days With Mr. Arrogant)
",1513000
915,이재한,10057235,감독,"인천상륙작전(Operation Chromite)
",7049643
916,이재한,10057235,감독,"인천상륙작전 : 익스텐디드 에디션(확장판)(Operation Chromite)
",27070
917,이재한,10057235,감독,"제3의 사랑(The Third Way of Love)
",8108
918,이재한,10057235,감독,"사요나라 이츠카(Sayonara Itsuka)
",23605
919,이재한,10057235,감독,"포화속으로(71-Into The Fire)
",3385706
920,이재한,10057235,감독,"내 머리 속의 지우개(A Moment To Remember)
",2565078
921,이재한,10057235,감독,"컷 런스 딥(The Cut Runs Deep)
",-1
922,김지연,20140497,감독,"히야(HIYA)
",21687
923,구모,10002140,감독,"무수단(MUSUDAN)
",15882
924,구모,10002140,감독,"군사통제구역 팔이공지대(DISTRICT820)
",813
925,구모,10002140,감독,삼인삼색 - 동거동락,-1
926,장훈,10060674,감독,"택시운전사(A Taxi Driver)
",12186684
927,장훈,10060674,감독,"고지전(The Front Line)
",2945137
928,장훈,10060674,감독,"의형제(Secret Reunion)
",5507106
929,장훈,10060674,감독,"영화는 영화다(Rough Cut)
",1307688
930,김용화,10005151,감독,"신과함께-인과 연(Along with the Gods: The Last 49 Days)
",12274159
931,김용화,10005151,감독,"신과함께-죄와 벌(Along with the Gods: The Two Worlds)
",14410754
932,김용화,10005151,감독,"미스터 고(Mr. Go)
",1328890
933,김용화,10005151,감독,"국가대표 완결판-못 다한 이야기(Take Off)
",-1
934,김용화,10005151,감독,"국가대표(Take Off)
",8487894
935,김용화,10005151,감독,"미녀는 괴로워(200 Pounds Beauty)
",6619498
936,김용화,10005151,감독,"오! 브라더스(Oh! Brothers)
",3148748
937,김용화,10005151,감독,"자반고등어(In The Jungle)
",-1
938,김성훈,20128773,감독,"창궐(Rampant)
",1599093
939,김성훈,20128773,감독,"공조(Confidential Assignment)
",7817446
940,김성훈,20128773,감독,"마이 리틀 히어로(A Wonderful Moment)
",185978
941,강윤성,20135271,감독,"범죄도시(THE OUTLAWS)
",6879841
942,류승완,10019069,감독,남자니까 아시잖아요?,-1
943,류승완,10019069,감독,"군함도 감독판(The Battleship Island: Director's Cut)
",-1
944,류승완,10019069,감독,"군함도(The Battleship Island)
",6592151
945,류승완,10019069,감독,4월 단편 상상극장-박정민 헤는 밤,-1
946,류승완,10019069,감독,"신촌좀비만화(MAD SAD BAD)
",5187
947,류승완,10019069,감독,유령,-1
948,류승완,10019069,감독,"베테랑(Veteran)
",13414009
949,류승완,10019069,감독,"제14회 미쟝센 단편 영화제 류승완 단편 특별전2(Ryoo Seung-Wan Short Film Special2)
",-1
950,류승완,10019069,감독,"베를린(The Berlin File)
",7166199
951,류승완,10019069,감독,"부당거래(The Unjust)
",2766436
952,류승완,10019069,감독,"타임리스(Timeless)
",-1
953,류승완,10019069,감독,"다찌마와리(Dachimawa Lee)
",628508
954,류승완,10019069,감독,"짝패(The City Of Violence)
",1196520
955,류승완,10019069,감독,"남자니까 아시잖아요?(Hey Man)
",-1
956,류승완,10019069,감독,"다섯 개의 시선(If You Were Me)
",12621
957,류승완,10019069,감독,"아라한 장풍대작전(Arahan)
",2050000
958,류승완,10019069,감독,"주먹이 운다(Crying Fist)(Crying Fist)
",1728477
959,류승완,10019069,감독,"피도 눈물도 없이(No Blood No Tears)
",-1
960,류승완,10019069,감독,"죽거나 혹은 나쁘거나(Die Bad)
",-1
961,류승완,10019069,감독,다찌마와리,-1
962,류승완,10019069,감독,"현대인(Our Contemporaries)
",-1
963,류승완,10019069,감독,패싸움,-1
964,김주환,20112387,감독,"사자(The Divine Fury)
",-1
965,김주환,20112387,감독,"청년경찰(Midnight Runners)
",5653270
966,김주환,20112387,감독,"제15회 미쟝센 단편영화제 비정성시2(A City of Sadness 2)
",-1
967,김주환,20112387,감독,"안내견(Retriever)
",-1
968,김주환,20112387,감독,"코알라(Koala)
",6287
969,김주환,20112387,감독,"굿바이 마이 스마일(Goodbye My Smile)
",-1
970,한재림,10087712,감독,"더 킹(The King)
",5316325
971,한재림,10087712,감독,"관상(The Face Reader)
",9134586
972,한재림,10087712,감독,"우아한 세계(The Show Must Go On)
",1025781
973,한재림,10087712,감독,"연애의 목적(Rules Of Dating)
",1735977
974,장창원,20148100,감독,"꾼(The Swindlers)
",4018341
975,양우석,20167784,감독,"강철비(Steel Rain)
",4452740
976,양우석,20167784,감독,"변호인(The Attorney)
",11374610
977,황동혁,10090050,감독,"남한산성(The Fortress)
",3849087
978,황동혁,10090050,감독,"수상한 그녀(Miss Granny)
",8656397
979,황동혁,10090050,감독,"도가니(Silenced)
",4662822
980,황동혁,10090050,감독,"마이 파더(My Father)
",902090
981,김현석,10006261,감독,"아이 캔 스피크(I Can Speak)
",3280243
982,김현석,10006261,감독,"쎄시봉(C'est Si Bon)
",1714803
983,김현석,10006261,감독,"열한시(AM 11:00)
",870785
984,김현석,10006261,감독,"시라노; 연애조작단(Cyrano Agency)
",2731828
985,김현석,10006261,감독,"스카우트(Scout)
",315187
986,김현석,10006261,감독,"광식이 동생 광태(When Romance Meets Destiny)
",2430200
987,김현석,10006261,감독,"YMCA야구단(YMCA Baseball Team)
",-1
988,나현,10007424,감독,"프리즌(The Prison)
",2931897
989,나현,10007424,감독,"모르는 사람(I don't know you)
",-1
990,원신연,20111284,감독,전투,-1
991,원신연,20111284,감독,제5열,-1
992,원신연,20111284,감독,"살인자의 기억법 : 새로운 기억(MEMOIR OF A MURDERER)
",2958
993,원신연,20111284,감독,"살인자의 기억법(MEMOIR OF A MURDERER)
",2658589
994,원신연,20111284,감독,"용의자(The Suspect)
",4131248
995,원신연,20111284,감독,"나의 사랑, 나의 영화(My Love, Korean Cinema)
",-1
996,원신연,20111284,감독,"세븐 데이즈(7 Days)
",2120741
997,원신연,20111284,감독,"구타유발자들(A Bloody Aria)
",164606
998,원신연,20111284,감독,"가발(The wig)
",545591
999,원신연,20111284,감독,"빵과 우유(Bread and Milk)
",-1
1000,원신연,20111284,감독,"빵과 우유(Bread and Milk)
",-1
1001,원신연,20111284,감독,적,-1
1002,김형주,20131894,감독,"보안관(The Sheriff In Town)
",2588617
1003,박광현,10028469,감독,사방에 적,-1
1004,박광현,10028469,감독,내 나이키,-1
1005,박광현,10028469,감독,교회누나,-1
1006,박광현,10028469,감독,"별리섬(My Dream Class)
",-1
1007,박광현,10028469,감독,"거미맨(GUMMY-MAN)
",-1
1008,박광현,10028469,감독,"조작된 도시(Fabricated City)
",2514943
1009,박광현,10028469,감독,"웰컴 투 동막골(Welcome To Dongmakgol)
",8008622
1010,박광현,10028469,감독,"묻지마 패밀리(Nocomment)
",-1
1011,김태윤,10006129,감독,"미스터 주(가제)(Mr.Zoo)
",-1
1012,김태윤,10006129,감독,"재심(New Trial)
",2421011
1013,김태윤,10006129,감독,"또 하나의 약속(Another Family)
",497994
1014,김태윤,10006129,감독,마이 페어 레이디즈,-1
1015,김태윤,10006129,감독,"잔혹한 출근(Educating Kidnappers)
",429546
1016,김태윤,10006129,감독,"수사반장 트위스트 김(Dancing Cop Twist Kim)
",-1
1017,이준익,10057485,감독,"박열(Anarchist from the colony)
",2359174
1018,이준익,10057485,감독,"변산(Sunset in My Hometown)
",490033
1019,이준익,10057485,감독,"동주(DONGJU; The Portrait of A Poet)
",1169335
1020,이준익,10057485,감독,"사도(The Throne)
",6246849
1021,이준익,10057485,감독,"소원(Hope)
",2711071
1022,이준익,10057485,감독,"봄날의 입맞춤(Kisses from Spring)
1d97

",-1
1023,이준익,10057485,감독,"평양성(Battlefield Heroes)
",1717566
1024,이준익,10057485,감독,"구르믈 버서난 달처럼(Blades of Blood)
",1407681
1025,이준익,10057485,감독,"님은 먼 곳에(Sunny)
",1706576
1026,이준익,10057485,감독,"즐거운 인생(The Happy Life)
",1263835
1027,이준익,10057485,감독,"라디오 스타(Radio Star)
",1879501
1028,이준익,10057485,감독,"왕의 남자(King And The Clown)
",12302831
1029,이준익,10057485,감독,"황산벌(Once Upon A Time In A Battlefield)
",2771236
1030,이준익,10057485,감독,"키드캅(Kid Cop)
",-1
1031,장준환,10060507,감독,"1987(1987: When the Day Comes)
",7231638
1032,장준환,10060507,감독,"화이: 괴물을 삼킨 아이(Hwayi: A Monster Boy)
",2394466
1033,장준환,10060507,감독,"카멜리아(Camellia)
",-1
1034,장준환,10060507,감독,"나와 통하는 다음검색 : 털(Hair)
",-1
1035,장준환,10060507,감독,"지구를 지켜라(Save the Green Planet)
",73132
1036,장준환,10060507,감독,"2001 이매진(2001 Imagine)
",-1
1037,이창재,10057682,감독,"노무현입니다(OUR PRESIDENT)
",1854867
1038,이창재,10057682,감독,"에필로그(Epilogue)
",-1
1039,이창재,10057682,감독,"목숨(The Hospice)
",38271
1040,이창재,10057682,감독,"길위에서(On The Road)
",53507
1041,이창재,10057682,감독,"사이에서(Between)
",24595
1042,이창재,10057682,감독,"미국전쟁략사(Summary of American War)
",-1
1043,문현성,20125803,감독,"임금님의 사건수첩(The King's Case Note)
",1634403
1044,문현성,20125803,감독,"코리아(As One)
",1872681
1045,장유정,20110174,감독,"부라더(The Bros)
",1492903
1046,장유정,20110174,감독,"김종욱 찾기(Finding Mr. Destiny)
",1130638
1047,장항준,10060606,감독,"기억의 밤(Forgotten)
",1387599
1048,장항준,10060606,감독,죽지 않는 인간들의 밤,-1
1049,장항준,10060606,감독,"전투의 매너(Manners In Battle)
",1788
1050,장항준,10060606,감독,"불어라 봄바람(Spring Breeze)
",924190
1051,장항준,10060606,감독,"라이터를 켜라(Break Out)
",-1
1052,박훈정,10029578,감독,"대호(THE TIGER: AN OLD HUNTER’S TALE (WT))
",-1
1053,박훈정,10029578,감독,"마녀(The Witch : Part 1. The Subversion)
",3189091
1054,박훈정,10029578,감독,"브이아이피(V.I.P.)
",1373316
1055,박훈정,10029578,감독,"대호(The Tiger)
",1762742
1056,박훈정,10029578,감독,"신세계(New World)
",4682492
1057,박훈정,10029578,감독,"혈투(The Showdown)
",43947
1058,박인제,20110676,감독,"특별시민(The Mayor)
",1362634
1059,박인제,20110676,감독,"모비딕(Moby Dick)
",430936
1060,박인제,20110676,감독,"여기가 끝이다(The End of the Road.)
",-1
1061,허정,20169260,감독,"장산범(The Mimic)
",1306438
1062,허정,20169260,감독,제13회 미쟝센 단편영화제 전년도 수상작2,-1
1063,허정,20169260,감독,KAFA 단편 1,-1
1064,허정,20169260,감독,정동진독립영화제2013 섹션3,-1
1065,허정,20169260,감독,"숨바꼭질(Hide and Seek)
",5604104
1066,허정,20169260,감독,"주희(The Wish)
",-1
1067,정병길,10061761,감독,"악녀(The Villainess)
",1208081
1068,정병길,10061761,감독,"내가 살인범이다(Confession of Murder)
",2729808
1069,정병길,10061761,감독,"우린 액션배우다(Action Boys)
",9622
1070,정병길,10061761,감독,"락큰롤에 있어 중요한 것 세가지(Three Important Components for Rock'n Roll)
",-1
1071,이수연,10056147,감독,"해빙(Bluebeard)
",1204600
1072,이수연,10056147,감독,8월 수요단편극장 “신스틸러의 단편”,-1
1073,이수연,10056147,감독,"가족시네마(Modern Family)
",2639
1074,이수연,10056147,감독,"E.D. 571(E.D. 571)
",-1
1075,이수연,10056147,감독,"래빗(The Rabbit)
",-1
1076,이수연,10056147,감독,"4인용 식탁(The Uninvited)
",717494
1077,이수연,10056147,감독,"이공(Twentidentity)
",-1
1078,이수연,10056147,감독,"물안경(The Goggles)
",-1
1079,조선호,20131018,감독,"하루(A Day)
",1129609
1080,변성현,10031356,감독,킹메이커: 선거판의 여우(가제),-1
1081,변성현,10031356,감독,"불한당: 나쁜 놈들의 세상(The Merciless)
",951797
1082,변성현,10031356,감독,"나의 PS 파트너(Whatcha Wearin')
",1831725
1083,변성현,10031356,감독,"청춘그루브(The Beat Goes On)
",864
1084,변성현,10031356,감독,"리얼(Real)
",-1
1085,정윤철,10062089,감독,"대립군(WARRIORS OF THE DAWN)
",837500
1086,정윤철,10062089,감독,"아빠의 검(My Father's Sword)
",-1
1087,정윤철,10062089,감독,[PDFF2015] 장애인미디어운동1 + 한국영화초청3,-1
1088,정윤철,10062089,감독,"바이크 레이디(Bike Lady)
",-1
1089,정윤철,10062089,감독,기념촬영+ 엔딩노트,-1
1090,정윤철,10062089,감독,"알파 센타우리(Alpha Centauri)
",-1
1091,정윤철,10062089,감독,"슈퍼맨이었던 사나이(A Man Who Was Superman)
",559705
1092,정윤철,10062089,감독,"좋지 아니한가(Skeletons In The Closet)
",321654
1093,정윤철,10062089,감독,"세번째 시선(If You Were Me 3)
",3811
1094,정윤철,10062089,감독,잠수왕 무하마드,-1
1095,정윤철,10062089,감독,"말아톤(Marathon)
",5148022
1096,정윤철,10062089,감독,폭풍의 언덕,-1
1097,정윤철,10062089,감독,3인 3색 러브스토리 : 사랑즐감,-1
1098,정윤철,10062089,감독,"기념촬영(Memorial Photographing)
",-1
1099,김형협,20230906,감독,"아빠는 딸(Daddy You, Daughter Me)
",646924
1100,정지우,10062256,감독,배낭을 멘 소년,-1
1101,정지우,10062256,감독,유열의 음악앨범,-1
1102,정지우,10062256,감독,"침묵(Heart Blackened)
",494097
1103,정지우,10062256,감독,"미행+남극의 여름(Following+The Summer of Antarctica)
",-1
1104,정지우,10062256,감독,"남극의 여름(The Summer of Antarctica)
",-1
1105,정지우,10062256,감독,"4등(Fourth Place)
",38244
1106,정지우,10062256,감독,인디포럼2014 필름1,-1
1107,정지우,10062256,감독,"은교(Eungyo)
",1346274
1108,정지우,10062256,감독,"나의 사랑, 나의 영화(My Love, Korean Cinema)
",-1
1109,정지우,10062256,감독,"모던보이(Modern Boy)
",758473
1110,정지우,10062256,감독,"사랑니(Blossom Again)
",165538
1111,정지우,10062256,감독,"배낭을 멘 소년(A Boy with the Knapsack)
",-1
1112,정지우,10062256,감독,"다섯 개의 시선(If You Were Me)
",12621
1113,정지우,10062256,감독,"해피엔드(Happy End)
",730000
1114,정지우,10062256,감독,인디포럼2015 특별1,-1
1115,정지우,10062256,감독,"생강(A Bit Bitter)
",-1
1116,정지우,10062256,감독,"사로(Cliffy)
",-1
1117,이사랑,20254349,감독,"리얼(REAL)
",470105
1118,김홍선,20125826,감독,변신,-1
1119,김홍선,20125826,감독,"반드시 잡는다(The Chase)
",446780
1120,김홍선,20125826,감독,브로커,-1
1121,김홍선,20125826,감독,"기술자들(The Con Artists)
",2564340
1122,김홍선,20125826,감독,"공모자들(Traffickers)
",1646142
1123,양경모,20182346,감독,"원라인(ONE-LINE)
",434777
1124,양경모,20182346,감독,"제15회 미쟝센 단편영화제 전년도 수상작 1(Awarded film from last year 1)
",-1
1125,양경모,20182346,감독,"제14회 미쟝센 단편영화제 비정성시1(A City of Sadness 1)
",-1
1126,양경모,20182346,감독,"제16회 대구단편영화제 경쟁8(16th Daegu Independent Short Film Festival)
",-1
1127,양경모,20182346,감독,"일출(Sunrise)
",-1
1128,양경모,20182346,감독,"나쁜 연기(Bad Act)
",-1
1129,양경모,20182346,감독,"떨(Exit-acy)
",-1
1130,김봉한,10004369,감독,패키지,-1
1131,김봉한,10004369,감독,"보통사람(ORDINARY PERSON)
",383336
1132,김봉한,10004369,감독,"히어로(THE HERO)
",23841
1133,김봉한,10004369,감독,"미아(Missing Myself)
",-1
1134,이원태,20131414,감독,악인전,-1
1135,이원태,20131414,감독,"대장 김창수(MAN OF WILL)
",381483
1136,정식,10061563,감독,"석조저택 살인사건(The Tooth and the Nail)
",353043
1137,정식,10061563,감독,"기담(Epitaph)
",678546
1138,이주영,20232106,감독,"싱글라이더(A Single Rider)
",351276
1139,이용승,20112022,감독,"7호실(Room No.7)
",347790
1140,이용승,20112022,감독,"10분(10 Minutes)
",3253
1141,이용승,20112022,감독,"결혼기념일(Wedding Anniversary)
",-1
1142,이용승,20112022,감독,"촬영자의 기본 수칙(The Basic Rules of Cameraman)
",-1
1143,이용승,20112022,감독,"촌철살인(Nice Shorts! 2011)
",214
1144,이용승,20112022,감독,"런던유학생 리차드(Richard, the Elite University Student from London)
",-1
1145,곽경택,10001931,감독,"희생부활자(RV: Resurrected Victims)
",323628
1146,곽경택,10001931,감독,"극비수사(The Classified File)
",2860786
1147,곽경택,10001931,감독,"친구 2(Friend : The Great Legacy)
",2971475
1148,곽경택,10001931,감독,"미운오리새끼(The Ugly Duckling)
",45454
1149,곽경택,10001931,감독,"통증(Pain)
",700272
1150,곽경택,10001931,감독,"눈에는 눈 이에는 이(Eye For An Eye)
",2058764
1151,곽경택,10001931,감독,"사랑(Love)
",2123815
1152,곽경택,10001931,감독,"태풍(Typhoon)
",4094395
1153,곽경택,10001931,감독,"똥개(Mutt Boy)
",1394000
1154,곽경택,10001931,감독,"챔피언(Champion)
",-1
1155,곽경택,10001931,감독,"친구(Friend)
",-1
1156,곽경택,10001931,감독,"닥터 K(Dr.K)
",-1
1157,곽경택,10001931,감독,"억수탕(3pm Paradise)(3Pm Paradise Bath House)
",-1
1158,이안규,10056570,감독,"미옥(A Special Lady)
",238587
1159,이윤기,10056949,감독,"어느날(Oneday)
",234681
1160,이윤기,10056949,감독,"남과 여(A Man and A Woman)
",203775
1161,이윤기,10056949,감독,"사랑한다, 사랑하지 않는다(Come Rain, Come Shine)
",66233
1162,이윤기,10056949,감독,티파니에서 아침을,-1
1163,이윤기,10056949,감독,"멋진 하루(My Dear Enemy)
",390741
1164,이윤기,10056949,감독,"아주 특별한 손님(Ad Lib Night)
",1956
1165,이윤기,10056949,감독,"러브토크(Love Talk)
",15719
1166,이윤기,10056949,감독,"여자, 정혜(This Charming Girl)
",43457
1167,조영준,20153388,감독,"채비(The Preparation)
",177428
1168,조영준,20153388,감독,"피아노(Piano)
",-1
1169,조영준,20153388,감독,"마녀 김광자(The Witch)
",-1
1170,조영준,20153388,감독,"비욘드 3D(Weird Business)
",-1
1171,조영준,20153388,감독,"인투 포커스(Into focus)
",-1
1172,김덕수,10003883,감독,"비정규직 특수요원(PART-TIME SPY)
",149719
1173,김덕수,10003883,감독,"아빠를 빌려드립니다(Dad for Rent)
",172652
1174,이덕희,20111036,감독,로마의 휴일,134827
1175,이덕희,20111036,감독,"창수(Tumbleweed)
",429141
1176,이덕희,20111036,감독,"사어(Mege Fin)
",-1
1177,임대웅,10058504,감독,무서운 이야기 '공포 비행기',-1
1178,임대웅,10058504,감독,"시간위의 집(House of the Disappeared)
",128975
1179,임대웅,10058504,감독,"실종 : 택시 납치 사건(The Guest)
",62
1180,임대웅,10058504,감독,"무서운 이야기(Horror Stories)
",331760
1181,임대웅,10058504,감독,"스승의 은혜(To Sir, With Love)
",629452
1182,임대웅,10058504,감독,"비수기(Seasonless)
",-1
1183,김준성,20122844,감독,"루시드 드림(Lucid Dream)
",102170
1184,김준성,20122844,감독,"삶의 향기(Scent of Life)
",-1
1185,김준성,20122844,감독,"마지막 귀갓길(Last Homecoming)
",-1
1186,마대윤,10021332,감독,"그래, 가족(My Little Brother)
",46623
1187,마대윤,10021332,감독,"실제상황(Real Fiction)
",-1
1188,마대윤,10021332,감독,"하루하루(Day by Day)
",-1
1189,마대윤,10021332,감독,"눈길(Snowy Road)
",-1
1190,마대윤,10021332,감독,"마릴린 먼로의 초상(Portrait of Marilyn Monroe)
",-1
1191,김홍선,20283069,감독,"역모-반란의 시대(The Age of Blood)
",30116
1192,김성욱,10004610,감독,"이웃집 스타(Star Nextdoor)
",10854
1193,김성욱,10004610,감독,"못말리는 결혼(Unstoppable Marriage)
",1304431
1194,송창용,10037252,감독,구세주: 리턴즈,6151
1195,송창용,10037252,감독,"캠퍼스 S 커플(Campus S Couple)
",677
1196,김용화,10005151,감독,"신과함께-인과 연(Along with the Gods: The Last 49 Days)
",12274159
1197,김용화,10005151,감독,"신과함께-죄와 벌(Along with the Gods: The Two Worlds)
",14410754
1198,김용화,10005151,감독,"미스터 고(Mr. Go)
",1328890
1199,김용화,10005151,감독,"국가대표 완결판-못 다한 이야기(Take Off)
",-1
1200,김용화,10005151,감독,"국가대표(Take Off)
",8487894
1201,김용화,10005151,감독,"미녀는 괴로워(200 Pounds Beauty)
",6619498
1202,김용화,10005151,감독,"오! 브라더스(Oh! Brothers)
",3148748
1203,김용화,10005151,감독,"자반고등어(In The Jungle)
",-1
1204,김광식,10003620,감독,"안시성(The Great Battle)
",5440001
1205,김광식,10003620,감독,"찌라시: 위험한 소문(Tabloid Truth)
",1221420
1206,김광식,10003620,감독,"내 깡패 같은 애인(My Dear Desperado)
",699973
1207,이재규,20111735,감독,"완벽한 타인(Intimate Strangers)
",5056102
1208,이재규,20111735,감독,"역린(The Fatal Encounter)
",3849433
1209,이재규,20111735,감독,"인플루언스(The Influence)
",229610
1210,이해영,10058049,감독,독전: 익스텐디드 컷,137775
1211,이해영,10058049,감독,"독전(Believer)
",5063620
1212,이해영,10058049,감독,"경성학교: 사라진 소녀들(The Silenced)
",356342
1213,이해영,10058049,감독,"페스티발(Foxy Festival)
",200123
1214,이해영,10058049,감독,"천하장사 마돈나(Like A Virgin)
",678930
1215,윤종빈,10054495,감독,"공작(The Spy Gone North)
",4974512
1216,윤종빈,10054495,감독,"군도: 민란의 시대(KUNDO : Age of the Rampant)
",4774895
1217,윤종빈,10054495,감독,"범죄와의 전쟁: 나쁜놈들 전성시대(Nameless Gangster : Rules of the Time)
",4719872
1218,윤종빈,10054495,감독,"비스티 보이즈(Beastie Boys)
",727409
1219,윤종빈,10054495,감독,"용서받지 못한 자(The Unforgiven)
",10647
1220,김태균,10006086,감독,"암수살인(Dark Figure of Crime)
",3789321
1221,김태균,10006086,감독,[PDFF2015] 장애인미디어운동1 + 한국영화초청3,-1
1222,김태균,10006086,감독,"2015 GSFF 배우 특별전: 김수안(SPECIAL SCREENING: ACTOR AND ACTRESS SECTION)
",-1
1223,김태균,10006086,감독,반짝반짝 두근두근,-1
1224,김태균,10006086,감독,"봄, 눈(Spring, Snow)
",22870
1225,박훈정,10029578,감독,"대호(THE TIGER: AN OLD HUNTER’S TALE (WT))
",-1
1226,박훈정,10029578,감독,"마녀(The Witch : Part 1. The Subversion)
",3189091
1227,박훈정,10029578,감독,"브이아이피(V.I.P.)
",1373316
1228,박훈정,10029578,감독,"대호(The Tiger)
",1762742
1229,박훈정,10029578,감독,"신세계(New World)
",4682492
1230,박훈정,10029578,감독,"혈투(The Showdown)
",43947
1231,이언희,10056602,감독,"탐정: 리턴즈(The Accidental Detective 2: In Action)
",3152872
1232,이언희,10056602,감독,"미씽: 사라진 여자(MISSING)
",1153109
1233,이언희,10056602,감독,"어깨 너머의 연인(Love Exposure)
",301153
1234,이언희,10056602,감독,"...ing(...ing)
",483828
1235,이석근,10055945,감독,"너의 결혼식(On Your Wedding Day)
",2820969
1236,이석근,10055945,감독,"누가 예수를 죽였는가?(Who killed Jesus?)
",-1
1237,정범식,10061758,감독,무서운 이야기 '해와 달',-1
1238,정범식,10061758,감독,"곤지암(GONJIAM: Haunted Asylum)
",2675559
1239,정범식,10061758,감독,"워킹걸(Casa Amor; Exclusive for Ladies)
",151550
1240,정범식,10061758,감독,"무서운 이야기 2(Horror Stories II)
",495522
1241,정범식,10061758,감독,"무서운 이야기(Horror Stories)
",331760
1242,정범식,10061758,감독,"기담(Epitaph)
",678546
1243,이장훈,20280830,감독,"지금 만나러 갑니다(Be With You)
",2602273
1244,조규장,10065265,감독,"목격자(The Witness)
",2524333
1245,조규장,10065265,감독,"그날의 분위기(Mood of the Day)
",652453
1246,조규장,10065265,감독,"낙타는 말했다(A Camel Doesn't Leave Desert)
",167
1247,조규장,10065265,감독,"봉수(Bong-su)
",-1
1248,김석윤,10004484,감독,"조선명탐정: 흡혈괴마의 비밀(Detective K: Secret of the Living Dead)
",2444123
1249,김석윤,10004484,감독,"조선명탐정 : 사라진 놉의 딸(Detective K : Secret of the Lost Island)
",3872015
1250,김석윤,10004484,감독,"조선명탐정 : 각시투구꽃의 비밀(Detective K : Secret of Virtuous Widow)
",4786259
1251,김석윤,10004484,감독,"올드미스다이어리(Old Miss Diary)
",856090
1252,최국희,10072117,감독,"국가부도의 날(Default)
",744635
1253,최국희,10072117,감독,"스플릿(SPLIT)
",758195
1254,최국희,10072117,감독,"그날 밤의 축제(Carnival)
",-1
1255,최국희,10072117,감독,"삶은 전진하고(Life Goes On)
",-1
1256,최국희,10072117,감독,"청춘, 외대앞(The Springtime Of Life)
",-1
1257,최국희,10072117,감독,"블루 디코딩(Blue Decoding)
",-1
1258,박희곤,10029586,감독,"명당(FENGSHUI)
",2087474
1259,박희곤,10029586,감독,"퍼펙트 게임(Perfect Game)
",1507084
1260,박희곤,10029586,감독,"인사동 스캔들(Insadong Scandal)
",1206101
1261,이종석,20114792,감독,"협상(THE NEGOTIATION)
",1967721
1262,이종석,20114792,감독,"더 킥(The Kick)
",51024
1263,김성훈,20128773,감독,"창궐(Rampant)
",1599093
1264,김성훈,20128773,감독,"공조(Confidential Assignment)
",7817446
1265,김성훈,20128773,감독,"마이 리틀 히어로(A Wonderful Moment)
",185978
1266,김민호,20304809,감독,"성난황소(Unstoppable)
",1282360
1267,임순례,10058650,감독,고양이 키스,-1
1268,임순례,10058650,감독,"리틀 포레스트(Little Forest)
",1505560
1269,임순례,10058650,감독,"제보자(The Whistleblower)
",1755181
1270,임순례,10058650,감독,"남쪽으로 튀어(South Bound)
",832894
1271,임순례,10058650,감독,"미안해, 고마워(Sorry and Thank You)
",9998
1272,임순례,10058650,감독,"소와 함께 여행하는 법(Rolling Home With A Bull)
",16356
1273,임순례,10058650,감독,"날아라 펭귄(Fly Penguin)
",20599
1274,임순례,10058650,감독,"우리 생애 최고의 순간(Forever The Moment)
",4044582
1275,임순례,10058650,감독,"여섯 개의 시선(If You Were Me)
",31171
1276,임순례,10058650,감독,"그녀의 무게(The 'Weight' of Her)
",-1
1277,임순례,10058650,감독,"아름다운 생존: 여성 영화인이 말하는 영화(Keeping The Vision Alive)
",-1
1278,임순례,10058650,감독,"와이키키 브라더스(Waikiki Brothers)
",-1
1279,임순례,10058650,감독,"세 친구(Three Friends)
",-1
1280,임순례,10058650,감독,"우중산책(Promenade in the Rain)
",-1
1281,노동석,10007941,감독,"골든슬럼버(Golden Slumber)
",1387508
1282,노동석,10007941,감독,험난한 인생,-1
1283,노동석,10007941,감독,"우리에게 내일은 없다(Boys Of Tomorrow)
",3500
1284,노동석,10007941,감독,"마이 제너레이션(My Generation)
",3809
1285,노동석,10007941,감독,"나무들이 봤어(Doggy)
",-1
1286,노동석,10007941,감독,"초롱과 나(Chorong & Me)
",-1
1287,홍창표,10089901,감독,"궁합(The Princess and the Matchmaker)
",1340117
1288,이창희,20166555,감독,"사라진 밤(The Vanished)
",1315726
1289,이창희,20166555,감독,"소굴(A hideout)
",-1
1290,이창희,20166555,감독,"친구집(Friend's Home)
",-1
1291,이병헌,20125862,감독,극한직업,-1
1292,이병헌,20125862,감독,"바람 바람 바람(What a Man Wants)
",1194229
1293,이병헌,20125862,감독,"스물(Twenty)
",3044134
1294,이병헌,20125862,감독,"힘내세요, 병헌씨(Cheer Up Mr. Lee)
",3589
1295,이병헌,20125862,감독,"냄새는 난다(Smell)
",-1
1296,김용완,20164846,감독,"챔피언(Champion)
",1128774
1297,김용완,20164846,감독,10월 단편 상상극장-제8회 대단한 단편영화제 수상작 모음,-1
1298,김용완,20164846,감독,2015 우수 단편영화 상영 03,-1
1299,김용완,20164846,감독,"이 별에 필요한(Daytime Moon)
",-1
1300,김용완,20164846,감독,"리턴매치(Return Match)
",-1
1301,김용완,20164846,감독,"그녀의 단속반(Intervention)
",-1
1302,김용완,20164846,감독,"바코드맘(Bar-code Mom)
",-1
1303,김용완,20164846,감독,"서툰 외면(Unskilled Refuse)
",-1
1304,연상호,10049814,감독,"염력(Psychokinesis)
",990104
1305,연상호,10049814,감독,콕!애니 - [섹션2] VIEW : 세상보기,-1
1306,연상호,10049814,감독,"서울역(Seoul Station)
",147031
1307,연상호,10049814,감독,"부산행(TRAIN TO BUSAN)
",11565479
1308,연상호,10049814,감독,연상호 감독 특별전 : 지옥의 시네마,-1
1309,연상호,10049814,감독,7월 수요단편극장 “연상호 감독 특별전”,-1
1310,연상호,10049814,감독,"집으로(The Way Home)
",-1
1311,연상호,10049814,감독,"제14회 미쟝센 단편 영화제 웃는 게 웃는 게 아니야(Are You Laughing Now?)
",-1
1312,연상호,10049814,감독,"사이비(The Fake)
",22070
1313,연상호,10049814,감독,"창(The Window)
",-1
1314,연상호,10049814,감독,"SICAF2015 연상호 단편선(SICAF2015 YOEN Sang-Ho Short Films)
",-1
1315,연상호,10049814,감독,"돼지의 왕(The King of Pigs)
",19340
1316,연상호,10049814,감독,"사랑은 단백질(Love is Protein)
",-1
1317,연상호,10049814,감독,"인디애니박스:셀마의 단백질 커피(Selma'S Protein Coffee)
",-1
1318,연상호,10049814,감독,"지옥: 두개의 삶(The Hell (Two Kinds of Life))
",-1
1319,연상호,10049814,감독,"지옥(The Hell)
",-1
1320,연상호,10049814,감독,인디포럼2015 특별2,-1
1321,김지운,10005852,감독,"인랑(ILLANG : THE WOLF BRIGADE)
",897548
1322,김지운,10005852,감독,"밀정(The Age of Shadows)
",7500420
1323,김지운,10005852,감독,제13회 미쟝센 단편영화제 김지운 단편 특별전1,-1
1324,김지운,10005852,감독,제13회 미쟝센 단편영화제 김지운 단편 특별전2,-1
1325,김지운,10005852,감독,제13회 미쟝센 단편영화제 김지운 감독 마스터클래스,-1
1326,김지운,10005852,감독,"사랑의 가위바위보(One Perfect Day)
",-1
1327,김지운,10005852,감독,"더 엑스(The X)
",-1
1328,김지운,10005852,감독,"라스트 스탠드(The Last Stand)
",66698
1329,김지운,10005852,감독,"인류멸망 보고서(Doomsday Book)
",97916
1330,김지운,10005852,감독,인류 멸망 보고서 '천상의 피조물',-1
1331,김지운,10005852,감독,"악마를 보았다(I Saw The Devil)
",1848418
1332,김지운,10005852,감독,"악마를 보았다 감독판(I Saw The Devil: Director's Edition)
",-1
1333,김지운,10005852,감독,"선물(Present)
",-1
1334,김지운,10005852,감독,"좋은 놈, 나쁜 놈, 이상�
1ea0
� 놈(The Good, The Bad, And The Weird)
",6686912
1335,김지운,10005852,감독,"좋은 놈, 나쁜 놈, 이상한 놈(칸버전)(The Good, the Bad, and the Weird(Cannes Version))
",-1
1336,김지운,10005852,감독,"달콤한 인생(A Bittersweet Life)
",1271595
1337,김지운,10005852,감독,"장화, 홍련(A Tale Of Two Sisters)
",3146217
1338,김지운,10005852,감독,"사랑의 힘(The Power Of Love)
",-1
1339,김지운,10005852,감독,"쓰리(Three)
",-1
1340,김지운,10005852,감독,"쓰리 메모리즈(Three Memories)
",-1
1341,김지운,10005852,감독,"커밍 아웃(Coming Out)
",-1
1342,김지운,10005852,감독,"반칙왕(The Foul King)
",-1
1343,김지운,10005852,감독,"조용한 가족(The Quiet Family)
",-1
1344,김대웅,20287367,감독,"레슬러(LOVE+SLING)
",771141
1345,변혁,10031397,감독,"상류사회(High Society)
",768442
1346,변혁,10031397,감독,His Concern,-1
1347,변혁,10031397,감독,"주홍글씨(The Scarlet Letter)
",1437549
1348,변혁,10031397,감독,"인터뷰(Interview)
",-1
1349,변혁,10031397,감독,"어머니의 여름(Mother's Summer)
",-1
1350,변혁,10031397,감독,"올슨(Olson)
",-1
1351,변혁,10031397,감독,"호모 비디오쿠스(Homo Videocus)
",-1
1352,허종호,10088447,감독,"물괴(Monstrum)
",723622
1353,허종호,10088447,감독,"성난 변호사(The Advocate : A Missing Body)
",1128288
1354,허종호,10088447,감독,"카운트다운(Countdown)
",471547
1355,허종호,10088447,감독,"승부(Round)
",-1
1356,이지원,10057572,감독,"미쓰백(Miss Baek)
",721838
1357,이지원,10057572,감독,"그녀에게(Talk To Her)
",-1
1358,이창동,10057659,감독,"버닝(BURNING)
",528153
1359,이창동,10057659,감독,"시(Poetry)
",222017
1360,이창동,10057659,감독,"밀양(Secret Sunshine)
",1710364
1361,이창동,10057659,감독,"오아시스(Oasis)
",-1
1362,이창동,10057659,감독,"박하사탕(A Peppermint Candy)
",-1
1363,이창동,10057659,감독,"초록물고기(Green Fish)
",-1
1364,추창민,10072983,감독,"7년의 밤(Seven Years of Night)
",528007
1365,추창민,10072983,감독,"광해, 왕이 된 남자(Masquerade)
",12319542
1366,추창민,10072983,감독,"그대를 사랑합니다(Late Blossom)
",1645126
1367,추창민,10072983,감독,"사랑을 놓치다(Lost In Love)
",529138
1368,추창민,10072983,감독,"마파도(Mapado: Island of Fortunes)
",3090467
1369,추창민,10072983,감독,"사월의 끝(The End of April)
",-1
1370,이준익,10057485,감독,"박열(Anarchist from the colony)
",2359174
1371,이준익,10057485,감독,"변산(Sunset in My Hometown)
",490033
1372,이준익,10057485,감독,"동주(DONGJU; The Portrait of A Poet)
",1169335
1373,이준익,10057485,감독,"사도(The Throne)
",6246849
1374,이준익,10057485,감독,"소원(Hope)
",2711071
1375,이준익,10057485,감독,"봄날의 입맞춤(Kisses from Spring)
",-1
1376,이준익,10057485,감독,"평양성(Battlefield Heroes)
",1717566
1377,이준익,10057485,감독,"구르믈 버서난 달처럼(Blades of Blood)
",1407681
1378,이준익,10057485,감독,"님은 먼 곳에(Sunny)
",1706576
1379,이준익,10057485,감독,"즐거운 인생(The Happy Life)
",1263835
1380,이준익,10057485,감독,"라디오 스타(Radio Star)
",1879501
1381,이준익,10057485,감독,"왕의 남자(King And The Clown)
",12302831
1382,이준익,10057485,감독,"황산벌(Once Upon A Time In A Battlefield)
",2771236
1383,이준익,10057485,감독,"키드캅(Kid Cop)
",-1
1384,임진순,10058831,감독,동네사람들,460200
1385,임진순,10058831,감독,"슈퍼스타(Super Star)
",1570
1386,임진순,10058831,감독,"일월영측(Full Moon Full Sun)
",-1
1387,임진순,10058831,감독,"원격조정(Remote Controll)
",-1
1388,조원희,10066770,감독,"원더풀 고스트(THE SOUL-MATE)
",450190
1389,조원희,10066770,감독,"죽이고 싶은(Enemy At The Dead End)
",133079
1390,조근현,10065272,감독,"흥부: 글로 세상을 바꾼 자(Heung-boo: The Revolutionist)
",416303
1391,조근현,10065272,감독,"번개맨(Bungaeman)
",69303
1392,조근현,10065272,감독,"봄(Late Spring)
",14780
1393,조근현,10065272,감독,"26년(26 Years)
",2963449
1394,이권,10054870,감독,"도어락(Door Lock)
",15816
1395,이권,10054870,감독,"내 연애의 기억(My Ordinary Love Story)
",46775
1396,이권,10054870,감독,"꽃미남 연쇄 테러 사건(Attack on the Pin-up Boys)
",110905
1397,이권,10054870,감독,"겁쟁이들이 더 흉폭하다(Cowardly Vicious)
",-1
1398,민규동,10027774,감독,무서운 이야기2'444',-1
1399,민규동,10027774,감독,"허스토리(Herstory)
",336100
1400,민규동,10027774,감독,"무서운 이야기 3 : 화성에서 온 소녀(Horror Stories III)
",97804
1401,민규동,10027774,감독,"제15회 미쟝센 단편영화제 김태용 단�
1da3
�� 특별전 1(KIM Tae-yong Short film special 1)
",-1
1402,민규동,10027774,감독,"간신(The Treacherous)
",1110246
1403,민규동,10027774,감독,"무서운 이야기 2(Horror Stories II)
",495522
1404,민규동,10027774,감독,"무서운 이야기(Horror Stories)
",331760
1405,민규동,10027774,감독,"내 아내의 모든 것(All About My Wife)
",4598583
1406,민규동,10027774,감독,"세상에서 가장 아름다운 이별(The Most Beautiful Goodbye)
",316788
1407,민규동,10027774,감독,"끝과 시작(In My End Is My Beginning)
",38809
1408,민규동,10027774,감독,"서양 골동 양과자점 앤티크(Antique)
",1173310
1409,민규동,10027774,감독,"내 생애 가장 아름다운 일주일(All For Love)
",2533103
1410,민규동,10027774,감독,"이공(Twentidentity)
",-1
1411,민규동,10027774,감독,"비밀과 거짓말(Secrets and Lies)
",-1
1412,민규동,10027774,감독,"여고괴담 두번째 이야기(Memento Mori)
",-1
1413,민규동,10027774,감독,"창백한푸른점(Pale Blue Dot)
",-1
1414,민규동,10027774,감독,"열일곱(Free To Fly)
",-1
1415,민규동,10027774,감독,"허스토리(Herstory)
",-1
1416,방수인,20302149,감독,"덕구(Stand by Me)
",313883
1417,방수인,20302149,감독,"워싱 머신(Washing Machine)
",-1
1418,박준수,20311772,감독,"번 더 스테이지: 더 무비(Burn the Stage: the Movie)
",307810
1419,김제영,10005652,감독,"치즈인더트랩(Cheese in the Trap)
",229005
1420,김제영,10005652,감독,"밤의 여왕(Queen of the Night)
",252475
1421,김제영,10005652,감독,"동행(Going Together)
",-1
1422,최상훈,10072304,감독,"속닥속닥(The Whispering)
",217444
1423,이한욱,20178069,감독,"나를 기억해(Marionette)
",140975
1424,이한욱,20178069,감독,"숨바꼭질(Hide N Seek)
",-1
1425,이해영,10058049,감독,독전: 익스텐디드 컷,137775
1426,이해영,10058049,감독,"독전(Believer)
",5063620
1427,이해영,10058049,감독,"경성학교: 사라진 소녀들(The Silenced)
",356342
1428,이해영,10058049,감독,"페스티발(Foxy Festival)
",200123
1429,이해영,10058049,감독,"천하장사 마돈나(Like A Virgin)
",678930
1430,신재호,20111176,감독,게이트-완결판,1339
1431,신재호,20111176,감독,"게이트(Gate)
",101173
1432,신재호,20111176,감독,"대결(Duel:The Final Round)
",32278
1433,신재호,20111176,감독,"치외법권(Untouchable Lawmen)
",346483
1434,신재호,20111176,감독,"따라지 : 비열한 거리(The Outsider: Mean Streets)
",11
1435,신재호,20111176,감독,"따라지: 비열한 거리 무삭제판(The Outsider: Mean Streets)
",1
1436,신재호,20111176,감독,"응징자(Days of Wrath)
",192347
1437,신재호,20111176,감독,"웨딩스캔들(Wedding Scandal)
",21295
1438,신재호,20111176,감독,"서유기 리턴즈(Supermonkey Returns)
",12696
1439,신재호,20111176,감독,"내사랑 싸가지(100 Days With Mr. Arrogant)
",1513000
1440,이경섭,20113175,감독,"여중생A(Student A)
",97849
1441,이경섭,20113175,감독,SESIFF2016 경쟁2 먹고사는 백만가지 방법,-1
1442,이경섭,20113175,감독,"2016 대단한단편영화제-단편 경쟁 섹션 2(COMPETITION SHORT FILMS SECTION 2)
",-1
1443,이경섭,20113175,감독,"어둠에서 빛이 흘러나오는 소리(The Sound of Light)
",-1
1444,이경섭,20113175,감독,8월 수요단편극장 “신스틸러의 단편”,-1
1445,이경섭,20113175,감독,"미성년(Miss The Train)
",-1
1446,이경섭,20113175,감독,2015 우수 단편영화 상영 01,-1
1447,이경섭,20113175,감독,"축지법과 비행술(Mr. V
1a30
ertigo)
",-1
1448,이경섭,20113175,감독,"여보세요(Hello)
",-1
1449,유영선,20157236,감독,"여곡성(The Wrath)
",67325
1450,유영선,20157236,감독,마녀+동면의 소녀,-1
1451,유영선,20157236,감독,"마녀(The Wicked)
",8144
1452,유영선,20157236,감독,"동면의 소녀(THE BIG SLEEP)
",-1
1453,김지열,20302509,감독,"번개맨과 신비의 섬(Lightning Man and The Mystery Island)
",60561
1454,허준형,20238387,감독,"머니백(Snatch Up)
",53610
1455,고경민,20283049,감독,"데자뷰(DEJA VU)
",48279
1456,이성재,20289230,감독,"비밥바룰라(Be-Bop-A-Lula)
",46817
1457,박진영,20305089,감독,"배반의 장미(Too Hot to Die)
",41054
1458,김정환,20309609,감독,"해피 투게더(Happy Together)
",24778
1459,강유선,20311974,감독,번개맨의 비밀,1289
